DocumentName,DocumentUrlPath,Icon,Full,SKU_MSRP,ReviewsTotal,Rating,Type
API 2500,/plugins/api-2500,/1lib/images/products/plugins/icons/api-2500.png,/1lib/images/products/plugins/full/api-2500.jpg,299.0,376,4.88032,
API 550,/plugins/api-550,/1lib/images/products/plugins/icons/api-550.png,/1lib/images/products/plugins/full/api-550.jpg,249.0,300,4.83,
API 560,/plugins/api-560,/1lib/images/products/plugins/icons/api-560.png,/1lib/images/products/plugins/full/api-560.jpg,249.0,128,4.79688,
Abbey Road Chambers,/plugins/abbey-road-chambers,/1lib/images/products/plugins/icons/abbey-road-chambers.png,/1lib/images/products/plugins/full/abbey-road-chambers.jpg,199.0,446,4.76233,
Abbey Road RS124 Compressor,/plugins/abbey-road-rs124-compressor,/1lib/images/products/plugins/icons/abbey-road-rs124-compressor.png,/1lib/images/products/plugins/full/abbey-road-rs124-compressor.jpg,199.0,254,4.72441,
Abbey Road Reverb Plates,/plugins/abbey-road-reverb-plates,/1lib/images/products/plugins/icons/abbey-road-reverb-plates.png,/1lib/images/products/plugins/full/abbey-road-reverb-plates.jpg,249.0,437,4.6865,
Abbey Road Saturator,/plugins/abbey-road-saturator,/1lib/images/products/plugins/icons/abbey-road-saturator.png,/1lib/images/products/plugins/full/abbey-road-saturator.jpg,199.0,188,4.82979,
Abbey Road Studio 3,/plugins/abbey-road-studio-3,/1lib/images/products/plugins/icons/abbey-road-studio-3.png,/1lib/images/products/plugins/full/abbey-road-studio-3.jpg,199.0,413,4.5908,
Abbey Road TG Mastering Chain,/plugins/abbey-road-tg-mastering-chain,/1lib/images/products/plugins/icons/abbey-road-tg-mastering-chain.png,/1lib/images/products/plugins/full/abbey-road-tg-mastering-chain.jpg,199.0,667,4.89655,
Abbey Road Vinyl,/plugins/abbey-road-vinyl,/1lib/images/products/plugins/icons/abbey-road-vinyl.png,/1lib/images/products/plugins/full/abbey-road-vinyl.jpg,249.0,322,4.69876,
Aphex Vintage Aural Exciter,/plugins/aphex-vintage-aural-exciter,/1lib/images/products/plugins/icons/aphex-vintage-aural-exciter.png,/1lib/images/products/plugins/full/aphex-vintage-aural-exciter.jpg,299.0,476,4.79202,
AudioTrack,/plugins/audiotrack,/1lib/images/products/plugins/icons/audiotrack.png,/1lib/images/products/plugins/full/audiotrack.jpg,79.0,31,4.54839,
B360 Ambisonics Encoder,/plugins/b360-ambisonics-encoder,/1lib/images/products/plugins/icons/b360-ambisonics-encoder.png,/1lib/images/products/plugins/full/b360-ambisonics-encoder.jpg,299.0,2,5,
BSS DPR-402,/plugins/bss-dpr-402,/1lib/images/products/plugins/icons/bss-dpr-402.png,/1lib/images/products/plugins/full/bss-dpr-402.jpg,149.0,115,4.85217,
Bass Fingers,/plugins/bass-fingers,/1lib/images/products/plugins/icons/bass-fingers.png,/1lib/images/products/plugins/full/bass-fingers.jpg,79.0,153,4.48366,
Bass Rider,/plugins/bass-rider,/1lib/images/products/plugins/icons/bass-rider.png,/1lib/images/products/plugins/full/bass-rider.jpg,99.0,299,4.78261,
Bass Slapper,/plugins/bass-slapper,/1lib/images/products/plugins/icons/bass-slapper.png,/1lib/images/products/plugins/full/bass-slapper.jpg,79.0,143,4.72028,
Berzerk Distortion,/plugins/berzerk-distortion,/1lib/images/products/plugins/icons/berzerk-distortion.png,/1lib/images/products/plugins/full/berzerk-distortion.jpg,99.0,32,4.5625,
Brauer Motion,/plugins/brauer-motion,/1lib/images/products/plugins/icons/brauer-motion.png,/1lib/images/products/plugins/full/brauer-motion.jpg,99.0,237,4.79747,
Butch Vig Vocals,/plugins/butch-vig-vocals,/1lib/images/products/plugins/icons/butch-vig-vocals.png,/1lib/images/products/plugins/full/butch-vig-vocals.jpg,149.0,212,4.62264,
C1 Compressor,/plugins/c1-compressor,/1lib/images/products/plugins/icons/c1-compressor.png,/1lib/images/products/plugins/full/c1-compressor.jpg,99.0,81,4.76543,
C360 Surround Compressor,/plugins/c360-surround-compressor,/1lib/images/products/plugins/icons/c360-surround-compressor.png,/1lib/images/products/plugins/full/c360-surround-compressor.jpg,0.0,0,0,
C4 Multiband Compressor,/plugins/c4-multiband-compressor,/1lib/images/products/plugins/icons/c4-multiband-compressor.png,/1lib/images/products/plugins/full/c4-multiband-compressor.jpg,149.0,181,4.80111,
C6 Multiband Compressor,/plugins/c6-multiband-compressor,/1lib/images/products/plugins/icons/c6-multiband-compressor.png,/1lib/images/products/plugins/full/c6-multiband-compressor.jpg,299.0,405,4.84938,
CLA Bass,/plugins/cla-bass,/1lib/images/products/plugins/icons/cla-bass.png,/1lib/images/products/plugins/full/cla-bass.jpg,99.0,140,4.74286,
CLA Drums,/plugins/cla-drums,/1lib/images/products/plugins/icons/cla-drums.png,/1lib/images/products/plugins/full/cla-drums.jpg,99.0,140,4.67857,
CLA EchoSphere,/plugins/cla-echosphere,/1lib/images/products/plugins/icons/cla-echosphere.png,/1lib/images/products/plugins/full/cla-echosphere.jpg,99.0,0,0,
CLA Effects,/plugins/cla-effects,/1lib/images/products/plugins/icons/cla-effects.png,/1lib/images/products/plugins/full/cla-effects.jpg,99.0,106,4.67925,
CLA Epic,/plugins/cla-epic,/1lib/images/products/plugins/icons/cla-epic.png,/1lib/images/products/plugins/full/cla-epic.jpg,199.0,407,4.58477,
CLA Guitars,/plugins/cla-guitars,/1lib/images/products/plugins/icons/cla-guitars.png,/1lib/images/products/plugins/full/cla-guitars.jpg,99.0,144,4.66667,
CLA MixDown,/plugins/cla-mixdown,/1lib/images/products/plugins/icons/cla-mixdown.png,/1lib/images/products/plugins/full/cla-mixdown.jpg,99.0,310,4.62903,
CLA MixHub,/plugins/cla-mixhub,/1lib/images/products/plugins/icons/cla-mixhub.png,/1lib/images/products/plugins/full/cla-mixhub.jpg,199.0,256,4.61719,
CLA Unplugged,/plugins/cla-unplugged,/1lib/images/products/plugins/icons/cla-unplugged.png,/1lib/images/products/plugins/full/cla-unplugged.jpg,99.0,79,4.73418,
CLA Vocals,/plugins/cla-vocals,/1lib/images/products/plugins/icons/cla-vocals.png,/1lib/images/products/plugins/full/cla-vocals.jpg,149.0,466,4.72103,
CLA-2A Compressor-Limiter,/plugins/cla-2a-compressor-limiter,/1lib/images/products/plugins/icons/cla-2a-compressor-limiter.png,/1lib/images/products/plugins/full/cla-2a-compressor-limiter.jpg,249.0,501,4.8503,
CLA-3A Compressor-Limiter,/plugins/cla-3a-compressor-limiter,/1lib/images/products/plugins/icons/cla-3a-compressor-limiter.png,/1lib/images/products/plugins/full/cla-3a-compressor-limiter.jpg,249.0,198,4.86869,
CLA-76 Compressor-Limiter,/plugins/cla-76-compressor-limiter,/1lib/images/products/plugins/icons/cla-76-compressor-limiter.png,/1lib/images/products/plugins/full/cla-76-compressor-limiter.jpg,249.0,467,4.83726,
Center,/plugins/center,/1lib/images/products/plugins/icons/center.png,/1lib/images/products/plugins/full/center.jpg,149.0,275,4.74182,
Clavinet,/plugins/clavinet,/1lib/images/products/plugins/icons/clavinet.png,/1lib/images/products/plugins/full/clavinet.jpg,79.0,55,4.67273,
Cobalt Saphira,/plugins/cobalt-saphira,/1lib/images/products/plugins/icons/cobalt-saphira.png,/1lib/images/products/plugins/full/cobalt-saphira.jpg,149.0,130,4.73077,
Codex Wavetable Synth,/plugins/codex,/1lib/images/products/plugins/icons/codex.png,/1lib/images/products/plugins/full/codex.jpg,199.0,200,4.62,
DTS Neural Mono2Stereo,/plugins/dts-neural-mono2stereo,/1lib/images/products/plugins/icons/dts-neural-mono2stereo.png,/1lib/images/products/plugins/full/dts-neural-mono2stereo.jpg,0.0,0,0,
DTS Neural Surround DownMix,/plugins/dts-neural-surround-downmix,/1lib/images/products/plugins/icons/dts-neural-surround-downmix.png,/1lib/images/products/plugins/full/dts-neural-surround-downmix.jpg,0.0,0,0,
DTS Neural Surround UpMix,/plugins/dts-neural-surround-upmix,/1lib/images/products/plugins/icons/dts-neural-surround-upmix-v2.png,/1lib/images/products/plugins/full/dts-neural-surround-upmix-v2.jpg,0.0,0,0,
DeBreath,/plugins/debreath,/1lib/images/products/plugins/icons/debreath.png,/1lib/images/products/plugins/full/debreath.jpg,99.0,230,4.31304,
DeEsser,/plugins/deesser,/1lib/images/products/plugins/icons/deesser.png,/1lib/images/products/plugins/full/deesser.jpg,99.0,220,4.75455,
Doppler,/plugins/doppler,/1lib/images/products/plugins/icons/doppler.png,/1lib/images/products/plugins/full/doppler.jpg,79.0,43,4.4186,
Dorrough Stereo,/plugins/dorrough-stereo,/1lib/images/products/plugins/icons/dorrough-stereo-380d.png,/1lib/images/products/plugins/full/dorrough-stereo-380d.jpg,199.0,96,4.92708,
Dorrough Surround,/plugins/dorrough-surround,/1lib/images/products/plugins/icons/dorrough-surround-380d.png,/1lib/images/products/plugins/full/dorrough-surround-380d.jpg,249.0,11,5,
Doubler,/plugins/doubler,/1lib/images/products/plugins/icons/doubler.png,/1lib/images/products/plugins/full/doubler.jpg,99.0,200,4.74,
Dugan Automixer,/plugins/dugan-automixer,/1lib/images/products/plugins/icons/dugan-automixer.png,/1lib/images/products/plugins/full/dugan-automixer.jpg,599.0,1,5,
Dugan Speech,/plugins/dugan-speech,/1lib/images/products/plugins/icons/dugan-speech.png,/1lib/images/products/plugins/full/dugan-speech.jpg,599.0,1,5,
EMI TG12345 Channel Strip,/plugins/emi-tg12345,/1lib/images/products/plugins/icons/tg12345.png,/1lib/images/products/plugins/full/tg12345.jpg,249.0,326,4.87423,
Eddie Kramer Bass Channel,/plugins/eddie-kramer-bass-channel,/1lib/images/products/plugins/icons/eddie-kramer-bass-channel.png,/1lib/images/products/plugins/full/eddie-kramer-bass-channel.jpg,99.0,27,4.40741,
Eddie Kramer Drum Channel,/plugins/eddie-kramer-drum-channel,/1lib/images/products/plugins/icons/eddie-kramer-drum-channel.png,/1lib/images/products/plugins/full/eddie-kramer-drum-channel.jpg,99.0,17,4.17647,
Eddie Kramer Effects Channel,/plugins/eddie-kramer-effects-channel,/1lib/images/products/plugins/icons/eddie-kramer-effects-channel.png,/1lib/images/products/plugins/full/eddie-kramer-effects-channel.jpg,99.0,10,4.7,
Eddie Kramer Guitar Channel,/plugins/eddie-kramer-guitar-channel,/1lib/images/products/plugins/icons/eddie-kramer-guitar-channel.png,/1lib/images/products/plugins/full/eddie-kramer-guitar-channel.jpg,99.0,22,4.59091,
Eddie Kramer Vocal Channel,/plugins/eddie-kramer-vocal-channel,/1lib/images/products/plugins/icons/eddie-kramer-vocal-channel.png,/1lib/images/products/plugins/full/eddie-kramer-vocal-channel.jpg,99.0,57,4.47368,
Electric 200 Piano,/plugins/electric-200-piano,/1lib/images/products/plugins/icons/electric-200-piano.png,/1lib/images/products/plugins/full/electric-200-piano.jpg,79.0,128,4.71094,
Electric 88 Piano,/plugins/electric-88-piano,/1lib/images/products/plugins/icons/electric-88-piano.png,/1lib/images/products/plugins/full/electric-88-piano.jpg,79.0,198,4.59596,
Electric Grand 80 Piano,/plugins/electric-grand-80-piano,/1lib/images/products/plugins/icons/electric-grand-80-piano.png,/1lib/images/products/plugins/full/electric-grand-80-piano.jpg,79.0,58,4.60345,
Element 2.0 Virtual Analog Synth,/plugins/element,/1lib/images/products/plugins/icons/element2.png,/1lib/images/products/plugins/full/element2.jpg,119.0,224,4.63393,
Enigma,/plugins/enigma,/1lib/images/products/plugins/icons/enigma.png,/1lib/images/products/plugins/full/enigma.jpg,79.0,28,4.71429,
F6 Floating-Band Dynamic EQ,/plugins/f6-floating-band-dynamic-eq,/1lib/images/products/plugins/icons/f6.png,/1lib/images/products/plugins/full/f6.jpg,99.0,565,4.75752,
Flow Motion FM Synth,/plugins/flow-motion-fm-synth,/1lib/images/products/plugins/icons/flow-motion-fm-synth.png,/1lib/images/products/plugins/full/flow-motion-fm-synth.jpg,99.0,121,4.65289,
GEQ Graphic Equalizer,/plugins/geq-graphic-equalizer,/1lib/images/products/plugins/icons/geq-graphic-equalizer.png,/1lib/images/products/plugins/full/geq-graphic-equalizer.jpg,149.0,142,4.79577,
GTR3 Amps,/plugins/gtr3-amps,/1lib/images/products/plugins/icons/gtr3-amp-clean.png,/1lib/images/products/plugins/full/gtr3-amp-clean.jpg,0.0,0,0,
GTR3 Stomps,/plugins/gtr3-stomps,/1lib/images/products/plugins/icons/gtr3-stomps-1.png,/1lib/images/products/plugins/full/gtr3-stomps-1.jpg,0.0,0,0,
GTR3 ToolRack,/plugins/gtr3-toolrack,/1lib/images/products/plugins/icons/gtr3-tool-rack-1.png,/1lib/images/products/plugins/full/gtr3-tool-rack-1.jpg,0.0,0,0,
GTR3 Tuner,/plugins/gtr3-tuner,/1lib/images/products/plugins/icons/gtr3-tuner.png,/1lib/images/products/plugins/full/gtr3-tuner.jpg,0.0,0,0,
Grand Rhapsody Piano,/plugins/grand-rhapsody-piano,/1lib/images/products/plugins/icons/grand-rhapsody-piano.png,/1lib/images/products/plugins/full/grand-rhapsody-piano.jpg,79.0,380,4.56579,
Greg Wells MixCentric,/plugins/greg-wells-mixcentric,/1lib/images/products/plugins/icons/greg-wells-mixcentric.png,/1lib/images/products/plugins/full/greg-wells-mixcentric.jpg,199.0,241,4.66805,
Greg Wells PianoCentric,/plugins/greg-wells-pianocentric,/1lib/images/products/plugins/icons/greg-wells-pianocentric.png,/1lib/images/products/plugins/full/greg-wells-pianocentric.jpg,149.0,55,4.8,
Greg Wells ToneCentric,/plugins/greg-wells-tonecentric,/1lib/images/products/plugins/icons/greg-wells-tonecentric.png,/1lib/images/products/plugins/full/greg-wells-tonecentric.jpg,129.0,55,4.14545,
Greg Wells VoiceCentric,/plugins/greg-wells-voicecentric,/1lib/images/products/plugins/icons/greg-wells-voicecentric.png,/1lib/images/products/plugins/full/greg-wells-voicecentric.jpg,149.0,236,4.65254,
H-Comp Hybrid Compressor,/plugins/h-comp-hybrid-compressor,/1lib/images/products/plugins/icons/h-comp-hybrid-compressor.png,/1lib/images/products/plugins/full/h-comp-hybrid-compressor.jpg,179.0,161,4.71429,
H-Delay Hybrid Delay,/plugins/h-delay-hybrid-delay,/1lib/images/products/plugins/icons/h-delay-hybrid-delay.png,/1lib/images/products/plugins/full/h-delay-hybrid-delay.jpg,179.0,380,4.85789,
H-EQ Hybrid Equalizer,/plugins/h-eq-hybrid-equalizer,/1lib/images/products/plugins/icons/h-eq-hybrid-equalizer.png,/1lib/images/products/plugins/full/h-eq-hybrid-equalizer.jpg,179.0,214,4.81776,
H-Reverb Hybrid Reverb,/plugins/h-reverb-hybrid-reverb,/1lib/images/products/plugins/icons/h-reverb.png,/1lib/images/products/plugins/full/h-reverb.jpg,349.0,443,4.79684,
IDR360 Bit Re-Quantizer,/plugins/idr360-bit-re-quantizer,/1lib/images/products/plugins/icons/idr360-bit-re-quantizer.png,/1lib/images/products/plugins/full/idr360-bit-re-quantizer.jpg,0.0,0,0,
IR-L Convolution Reverb,/plugins/ir-l-convolution-reverb,/1lib/images/products/plugins/icons/ir-l-convolution-reverb.png,/1lib/images/products/plugins/full/ir-l-convolution-reverb.jpg,149.0,18,4.72222,
IR-Live Convolution Reverb,/plugins/ir-live-convolution-reverb,/1lib/images/products/plugins/icons/ir-live.png,/1lib/images/products/plugins/full/ir-live.jpg,249.0,14,4.35714,
IR1 Convolution Reverb,/plugins/ir1-convolution-reverb,/1lib/images/products/plugins/icons/ir1-convolution-reverb.png,/1lib/images/products/plugins/full/ir1-convolution-reverb.jpg,249.0,143,4.57343,
IR360 Convolution Reverb,/plugins/ir360-convolution-reverb,/1lib/images/products/plugins/icons/ir360-convolution-reverb.png,/1lib/images/products/plugins/full/ir360-convolution-reverb.jpg,299.0,5,3.4,
InPhase,/plugins/inphase,/1lib/images/products/plugins/icons/inphase.png,/1lib/images/products/plugins/full/inphase.jpg,179.0,182,4.67582,
InPhase LT,/plugins/inphase-lt,/1lib/images/products/plugins/icons/inphase-lt.png,/1lib/images/products/plugins/full/inphase-lt.jpg,79.0,9,4.33333,
Infected Mushroom Pusher,/plugins/infected-mushroom-pusher,/1lib/images/products/plugins/icons/infected-mushroom-pusher.png,/1lib/images/products/plugins/full/infected-mushroom-pusher.jpg,79.0,313,4.76997,
J37 Tape,/plugins/j37-tape,/1lib/images/products/plugins/icons/j37-tape.png,/1lib/images/products/plugins/full/j37-tape.jpg,299.0,582,4.82818,
JJP Bass,/plugins/jjp-bass,/1lib/images/products/plugins/icons/jjp-bass.png,/1lib/images/products/plugins/full/jjp-bass.jpg,99.0,48,4.72917,
JJP Cymbals & Percussion,/plugins/jjp-cymbals-percussion,/1lib/images/products/plugins/icons/jjp-cymbals-percussions.png,/1lib/images/products/plugins/full/jjp-cymbals-percussions.jpg,99.0,12,4.58333,
JJP Drums,/plugins/jjp-drums,/1lib/images/products/plugins/icons/jjp-drums.png,/1lib/images/products/plugins/full/jjp-drums.jpg,99.0,45,4.62222,
JJP Guitars,/plugins/jjp-guitars,/1lib/images/products/plugins/icons/jjp-guitars.png,/1lib/images/products/plugins/full/jjp-guitars.jpg,99.0,17,4.23529,
JJP Strings & Keys,/plugins/jjp-strings-keys,/1lib/images/products/plugins/icons/jjp-strings-keys.png,/1lib/images/products/plugins/full/jjp-strings-keys.jpg,99.0,42,4.78571,
JJP Vocals,/plugins/jjp-vocals,/1lib/images/products/plugins/icons/jjp-vocals.png,/1lib/images/products/plugins/full/jjp-vocals.jpg,99.0,99,4.55556,
Kaleidoscopes,/plugins/kaleidoscopes,/1lib/images/products/plugins/icons/kaleidoscopes.png,/1lib/images/products/plugins/full/kaleidoscopes.jpg,99.0,96,4.67708,
Kramer HLS Channel,/plugins/kramer-hls-channel,/1lib/images/products/plugins/icons/kramer-hls-channel.png,/1lib/images/products/plugins/full/kramer-hls-channel.jpg,249.0,167,4.8024,
Kramer Master Tape,/plugins/kramer-master-tape,/1lib/images/products/plugins/icons/kramer-master-tape.png,/1lib/images/products/plugins/full/kramer-master-tape.jpg,249.0,359,4.82451,
Kramer PIE Compressor,/plugins/kramer-pie-compressor,/1lib/images/products/plugins/icons/kramer-pie-compressor.png,/1lib/images/products/plugins/full/kramer-pie-compressor.jpg,249.0,169,4.76331,
L1 Ultramaximizer,/plugins/l1-ultramaximizer,/1lib/images/products/plugins/icons/l1-ultramaximizer.png,/1lib/images/products/plugins/full/l1-ultramaximizer.jpg,149.0,221,4.86425,
L2 Ultramaximizer,/plugins/l2-ultramaximizer,/1lib/images/products/plugins/icons/l2-ultramaximizer.png,/1lib/images/products/plugins/full/l2-ultramaximizer.jpg,299.0,330,4.9,
L3 Multimaximizer,/plugins/l3-multimaximizer,/1lib/images/products/plugins/icons/l3-multimaximizer.png,/1lib/images/products/plugins/full/l3-multimaximizer.jpg,349.0,188,4.82979,
L3 Ultramaximizer,/plugins/l3-ultramaximizer,/1lib/images/products/plugins/icons/l3-ultramaximizer.png,/1lib/images/products/plugins/full/l3-ultramaximizer.jpg,0.0,0,0,
L3-16 Multimaximizer,/plugins/l3-16-multimaximizer,/1lib/images/products/plugins/icons/l3-16-multimaximizer.png,/1lib/images/products/plugins/full/l3-16-multimaximizer.jpg,549.0,156,4.85897,
L3-LL Multimaximizer,/plugins/l3-ll-multimaximizer,/1lib/images/products/plugins/icons/l3-ll-multimaximizer.png,/1lib/images/products/plugins/full/l3-ll-multimaximizer.jpg,0.0,0,0,
L3-LL Ultramaximizer,/plugins/l3-ll-ultramaximizer,/1lib/images/products/plugins/icons/l3-ll-ultramaximizer.png,/1lib/images/products/plugins/full/l3-ll-ultramaximizer.jpg,0.0,0,0,
L360 Surround Limiter,/plugins/l360-surround-limiter,/1lib/images/products/plugins/icons/l360-surround-limiter.png,/1lib/images/products/plugins/full/l360-surround-limiter.jpg,0.0,0,0,
LFE360 Low-Pass Filter,/plugins/lfe360-low-pass-filter,/1lib/images/products/plugins/icons/lfe360-low-pass-filter.png,/1lib/images/products/plugins/full/lfe360-low-pass-filter.jpg,0.0,0,0,
Linear Phase EQ,/plugins/linear-phase-eq,/1lib/images/products/plugins/icons/linear-phase-eq.png,/1lib/images/products/plugins/full/linear-phase-eq.jpg,149.0,76,4.92105,
Linear Phase Multiband Compressor,/plugins/linear-phase-multiband-compressor,/1lib/images/products/plugins/icons/linear-phase-multiband-compressor.png,/1lib/images/products/plugins/full/linear-phase-multiband-compressor.jpg,149.0,162,4.89506,
LoAir,/plugins/loair,/1lib/images/products/plugins/icons/loair-surround.png,/1lib/images/products/plugins/full/loair-surround.jpg,79.0,167,4.81437,
M360 Surround Manager & Mixdown,/plugins/m360-surround-manager-mixdown,/1lib/images/products/plugins/icons/m360-surround-manager.png,/1lib/images/products/plugins/full/m360-surround-manager.jpg,0.0,0,0,
MDMX Distortion Modules,/plugins/mdmx-distortion-modules,/1lib/images/products/plugins/icons/mdmx-distortion-modules.png,/1lib/images/products/plugins/full/mdmx-distortion-modules.jpg,99.0,31,4.70968,
MV2,/plugins/mv2,/1lib/images/products/plugins/icons/mv2.png,/1lib/images/products/plugins/full/mv2.jpg,99.0,172,4.87209,
MV360,/plugins/mv360,/1lib/images/products/plugins/icons/mv360.png,/1lib/images/products/plugins/full/mv360.jpg,0.0,0,0,
Manny Marroquin Delay,/plugins/manny-marroquin-delay,/1lib/images/products/plugins/icons/marroquin-delay.png,/1lib/images/products/plugins/full/marroquin-delay.jpg,99.0,83,4.73494,
Manny Marroquin Distortion,/plugins/manny-marroquin-distortion,/1lib/images/products/plugins/icons/marroquin-distortion.png,/1lib/images/products/plugins/full/marroquin-distortion.jpg,99.0,45,4.75556,
Manny Marroquin EQ,/plugins/manny-marroquin-eq,/1lib/images/products/plugins/icons/marroquin-eq.png,/1lib/images/products/plugins/full/marroquin-eq.jpg,99.0,56,4.78571,
Manny Marroquin Reverb,/plugins/manny-marroquin-reverb,/1lib/images/products/plugins/icons/marroquin-reverb.png,/1lib/images/products/plugins/full/marroquin-reverb.jpg,99.0,105,4.73333,
Manny Marroquin Tone Shaper,/plugins/manny-marroquin-tone-shaper,/1lib/images/products/plugins/icons/marroquin-tone-shaper.png,/1lib/images/products/plugins/full/marroquin-tone-shaper.jpg,99.0,28,4.64286,
Manny Marroquin Triple D,/plugins/manny-marroquin-triple-d,/1lib/images/products/plugins/icons/marroquin-triple-d.png,/1lib/images/products/plugins/full/marroquin-triple-d.jpg,99.0,111,4.69369,
Maserati ACG,/plugins/maserati-acg,/1lib/images/products/plugins/icons/maserati-acg.png,/1lib/images/products/plugins/full/maserati-acg.jpg,99.0,29,4.55172,
Maserati B72,/plugins/maserati-b72,/1lib/images/products/plugins/icons/maserati-b72.png,/1lib/images/products/plugins/full/maserati-b72.jpg,99.0,22,4.95455,
Maserati DRM,/plugins/maserati-drm,/1lib/images/products/plugins/icons/maserati-drm.png,/1lib/images/products/plugins/full/maserati-drm.jpg,99.0,76,4.67105,
Maserati GRP,/plugins/maserati-grp,/1lib/images/products/plugins/icons/maserati-grp.png,/1lib/images/products/plugins/full/maserati-grp.jpg,99.0,60,4.68333,
Maserati GTi,/plugins/maserati-gti,/1lib/images/products/plugins/icons/maserati-gti.png,/1lib/images/products/plugins/full/maserati-gti.jpg,99.0,21,4.28571,
Maserati HMX,/plugins/maserati-hmx,/1lib/images/products/plugins/icons/maserati-hmx.png,/1lib/images/products/plugins/full/maserati-hmx.jpg,99.0,17,4.64706,
Maserati VX1,/plugins/maserati-vx1,/1lib/images/products/plugins/icons/maserati-vx1.png,/1lib/images/products/plugins/full/maserati-vx1.jpg,99.0,130,4.63077,
MaxxBass,/plugins/maxxbass,/1lib/images/products/plugins/icons/maxxbass.png,/1lib/images/products/plugins/full/maxxbass.jpg,99.0,170,4.79412,
MaxxVolume,/plugins/maxxvolume,/1lib/images/products/plugins/icons/maxxvolume.png,/1lib/images/products/plugins/full/maxxvolume.jpg,179.0,141,4.7305,
MetaFilter,/plugins/metafilter,/1lib/images/products/plugins/icons/metafilter.png,/1lib/images/products/plugins/full/metafilter.jpg,149.0,100,4.66,
MetaFlanger,/plugins/metaflanger,/1lib/images/products/plugins/icons/metaflanger.png,/1lib/images/products/plugins/full/metaflanger.jpg,99.0,38,4.86842,
MondoMod,/plugins/mondomod,/1lib/images/products/plugins/icons/mondomod.png,/1lib/images/products/plugins/full/mondomod.jpg,79.0,33,4.75758,
Morphoder,/plugins/morphoder,/1lib/images/products/plugins/icons/morphoder.png,/1lib/images/products/plugins/full/morphoder.jpg,79.0,120,4.59167,
MultiMod Rack,/plugins/multimod-rack,/1lib/images/products/plugins/icons/multimod-rack.png,/1lib/images/products/plugins/full/multimod-rack.jpg,99.0,12,4.66667,
NLS Non-Linear Summer,/plugins/nls-non-linear-summer,/1lib/images/products/plugins/icons/nls-non-linear-summer.png,/1lib/images/products/plugins/full/nls-non-linear-summer.jpg,299.0,386,4.8342,
NS1 Noise Suppressor,/plugins/ns1-noise-suppressor,/1lib/images/products/plugins/icons/ns1-noise-suppressor.png,/1lib/images/products/plugins/full/ns1-noise-suppressor.jpg,149.0,445,4.74831,
Nx  Virtual Mix Room over Headphones,/plugins/nx,/1lib/images/products/plugins/icons/nx.png,/1lib/images/products/plugins/full/nx.jpg,109.0,319,4.53919,
Nx Ocean Way Nashville,/plugins/nx-ocean-way-nashville,/1lib/images/products/plugins/icons/nx-ocean-way-nashville.png,/1lib/images/products/plugins/full/nx-ocean-way-nashville.jpg,199.0,352,4.56818,
OVox Vocal ReSynthesis,/plugins/ovox-vocal-resynthesis,/1lib/images/products/plugins/icons/ovox-vocal-resynthesis.png,/1lib/images/products/plugins/full/ovox-vocal-resynthesis.jpg,149.0,474,4.56118,
OneKnob Brighter,/plugins/oneknob-brighter,/1lib/images/products/plugins/icons/oneknob-brighter.png,/1lib/images/products/plugins/full/oneknob-brighter.jpg,49.0,43,4.72093,
OneKnob Driver,/plugins/oneknob-driver,/1lib/images/products/plugins/icons/oneknob-driver.png,/1lib/images/products/plugins/full/oneknob-driver.jpg,49.0,30,4.53333,
OneKnob Filter,/plugins/oneknob-filter,/1lib/images/products/plugins/icons/oneknob-filter.png,/1lib/images/products/plugins/full/oneknob-filter.jpg,49.0,92,4.6087,
OneKnob Louder,/plugins/oneknob-louder,/1lib/images/products/plugins/icons/oneknob-louder.png,/1lib/images/products/plugins/full/oneknob-louder.jpg,49.0,66,4.68182,
OneKnob Phatter,/plugins/oneknob-phatter,/1lib/images/products/plugins/icons/oneknob-phatter.png,/1lib/images/products/plugins/full/oneknob-phatter.jpg,49.0,48,4.66667,
OneKnob Pressure,/plugins/oneknob-pressure,/1lib/images/products/plugins/icons/oneknob-pressure.png,/1lib/images/products/plugins/full/oneknob-pressure.jpg,49.0,12,4.33333,
OneKnob Pumper,/plugins/oneknob-pumper,/1lib/images/products/plugins/icons/oneknob-pumper.png,/1lib/images/products/plugins/full/oneknob-pumper.jpg,49.0,75,4.8,
OneKnob Wetter,/plugins/oneknob-wetter,/1lib/images/products/plugins/icons/oneknob-wetter.png,/1lib/images/products/plugins/full/oneknob-wetter.jpg,49.0,38,4.47368,
PAZ Analyzer,/plugins/paz-analyzer,/1lib/images/products/plugins/icons/paz-analyzer.png,/1lib/images/products/plugins/full/paz-analyzer.jpg,129.0,111,4.63063,
PRS SuperModels,/plugins/prs-supermodels,/1lib/images/products/plugins/icons/prs-supermodels.png,/1lib/images/products/plugins/full/prs-supermodels.jpg,129.0,334,4.68862,
PS22 Stereo Maker,/plugins/ps22-stereo-maker,/1lib/images/products/plugins/icons/ps22-stereo-maker.png,/1lib/images/products/plugins/full/ps22-stereo-maker.jpg,99.0,47,4.85106,
Playlist Rider,/plugins/playlist-rider,/1lib/images/products/plugins/icons/playlist-rider.png,/1lib/images/products/plugins/full/playlist-rider.jpg,149.0,13,4.30769,
Primary Source Expander,/plugins/pse-primary-source-expander,/1lib/images/products/plugins/icons/primary-source-expander.png,/1lib/images/products/plugins/full/primary-source-expander.jpg,79.0,31,4.80645,
PuigChild Compressor,/plugins/puigchild-compressor,/1lib/images/products/plugins/icons/puigchild.png,/1lib/images/products/plugins/full/puigchild.jpg,349.0,345,4.86377,
PuigTec EQs,/plugins/puigtec-eqs,/1lib/images/products/plugins/icons/puigtec-eqs.png,/1lib/images/products/plugins/full/puigtec-eqs.jpg,299.0,378,4.86508,
Q-Clone,/plugins/q-clone,/1lib/images/products/plugins/icons/q-clone.png,/1lib/images/products/plugins/full/q-clone.jpg,99.0,57,4.75439,
Q10 Equalizer,/plugins/q10-equalizer,/1lib/images/products/plugins/icons/q10-equalizer.png,/1lib/images/products/plugins/full/q10-equalizer.jpg,99.0,116,4.80172,
R360 Surround Reverb,/plugins/r360-surround-reverb,/1lib/images/products/plugins/icons/r360-surround-reverb.png,/1lib/images/products/plugins/full/r360-surround-reverb.jpg,0.0,0,0,
REDD,/plugins/redd,/1lib/images/products/plugins/icons/redd.png,/1lib/images/products/plugins/full/redd.jpg,249.0,264,4.77652,
RS56 Passive EQ,/plugins/rs56,/1lib/images/products/plugins/icons/rs56.png,/1lib/images/products/plugins/full/rs56.jpg,249.0,161,4.88199,
Reel ADT,/plugins/reel-adt,/1lib/images/products/plugins/icons/reel-adt.png,/1lib/images/products/plugins/full/reel-adt.jpg,249.0,450,4.83778,
Renaissance Axx,/plugins/renaissance-axx,/1lib/images/products/plugins/icons/renaissance-axx-light.png,/1lib/images/products/plugins/full/renaissance-axx-light.jpg,79.0,36,4.94444,
Renaissance Bass,/plugins/renaissance-bass,/1lib/images/products/plugins/icons/renaissance-bass-light.png,/1lib/images/products/plugins/full/renaissance-bass-light.jpg,79.0,280,4.79643,
Renaissance Channel,/plugins/renaissance-channel,/1lib/images/products/plugins/icons/renaissance-channel-light.png,/1lib/images/products/plugins/full/renaissance-channel-light.jpg,149.0,56,4.64286,
Renaissance Compressor,/plugins/renaissance-compressor,/1lib/images/products/plugins/icons/renaissance-compressor-light.png,/1lib/images/products/plugins/full/renaissance-compressor-light.jpg,79.0,121,4.7686,
Renaissance DeEsser,/plugins/renaissance-deesser,/1lib/images/products/plugins/icons/renaissance-deesser-light.png,/1lib/images/products/plugins/full/renaissance-deesser-light.jpg,79.0,95,4.87368,
Renaissance Equalizer,/plugins/renaissance-equalizer,/1lib/images/products/plugins/icons/renaissance-equalizer-light.png,/1lib/images/products/plugins/full/renaissance-equalizer-light.jpg,79.0,66,4.80303,
Renaissance Reverb,/plugins/renaissance-reverb,/1lib/images/products/plugins/icons/renaissance-reverb-light.png,/1lib/images/products/plugins/full/renaissance-reverb-light.jpg,99.0,125,4.744,
Renaissance Vox,/plugins/renaissance-vox,/1lib/images/products/plugins/icons/renaissance-vox-light.png,/1lib/images/products/plugins/full/renaissance-vox-light.jpg,79.0,278,4.8741,
S1 Stereo Imager,/plugins/s1-stereo-imager,/1lib/images/products/plugins/icons/s1-stereo-imager.png,/1lib/images/products/plugins/full/s1-stereo-imager.jpg,129.0,176,4.84659,
S360 Surround Imager & Panner,/plugins/s360-surround-imager-panner,/1lib/images/products/plugins/icons/s360-surround-imager.png,/1lib/images/products/plugins/full/s360-surround-imager.jpg,0.0,0,0,
SSL E-Channel,/plugins/ssl-e-channel,/1lib/images/products/plugins/icons/ssl-e-channel-v2.png,/1lib/images/products/plugins/full/ssl-e-channel-v2.jpg,249.0,594,4.87205,
SSL G-Channel,/plugins/ssl-g-channel,/1lib/images/products/plugins/icons/ssl-g-channel-v2.png,/1lib/images/products/plugins/full/ssl-g-channel-v2.jpg,249.0,238,4.83613,
SSL G-Equalizer,/plugins/ssl-g-equalizer,/1lib/images/products/plugins/icons/ssl-g-equalizer-v2.png,/1lib/images/products/plugins/full/ssl-g-equalizer-v2.jpg,199.0,131,4.85496,
SSL G-Master Buss Compressor,/plugins/ssl-g-master-buss-compressor,/1lib/images/products/plugins/icons/ssl-g-master-buss-compressor-v2.png,/1lib/images/products/plugins/full/ssl-g-master-buss-compressor-v2.jpg,249.0,548,4.86861,
Scheps 73,/plugins/scheps-73,/1lib/images/products/plugins/icons/scheps-73.png,/1lib/images/products/plugins/full/scheps-73.jpg,199.0,521,4.82534,
Scheps Omni Channel,/plugins/scheps-omni-channel,/1lib/images/products/plugins/icons/scheps-omni-channel.png,/1lib/images/products/plugins/full/scheps-omni-channel.jpg,149.0,1109,4.88909,
Scheps Parallel Particles,/plugins/scheps-parallel-particles,/1lib/images/products/plugins/icons/scheps-parallel-particles.png,/1lib/images/products/plugins/full/scheps-parallel-particles.jpg,129.0,250,4.712,
Sibilance,/plugins/sibilance,/1lib/images/products/plugins/icons/sibilance.png,/1lib/images/products/plugins/full/sibilance.jpg,79.0,118,4.70339,
Smack Attack,/plugins/smack-attack-transient-shaper,/1lib/images/products/plugins/icons/smack-attack.png,/1lib/images/products/plugins/full/smack-attack.jpg,79.0,264,4.81439,
SoundShifter,/plugins/soundshifter,/1lib/images/products/plugins/icons/soundshifter-graphic.png,/1lib/images/products/plugins/full/soundshifter-graphic.jpg,149.0,236,4.3983,
StudioRack,/plugins/studiorack,/1lib/images/products/plugins/icons/studiorack1.png,/1lib/images/products/plugins/full/studiorack1.jpg,0.0,17,4.47059,
Sub Align,/plugins/sub-align,/1lib/images/products/plugins/icons/sub-align.png,/1lib/images/products/plugins/full/sub-align.jpg,129.0,6,5,
Submarine,/plugins/submarine,/1lib/images/products/plugins/icons/submarine.png,/1lib/images/products/plugins/full/submarine.jpg,89.0,128,4.65625,
SuperTap,/plugins/supertap,/1lib/images/products/plugins/icons/supertap.png,/1lib/images/products/plugins/full/supertap.jpg,79.0,27,4.77778,
TRACT System Calibration,/plugins/tract-system-calibration,/1lib/images/products/plugins/icons/tract-system-calibration.png,/1lib/images/products/plugins/full/tract-system-calibration.jpg,399.0,8,4.375,
The King's Microphones,/plugins/the-king-s-microphones,/1lib/images/products/plugins/icons/king-mic-george-v.png,/1lib/images/products/plugins/full/king-mic-george-v.jpg,99.0,82,4.53659,
Torque,/plugins/torque,/1lib/images/products/plugins/icons/torque.png,/1lib/images/products/plugins/full/torque.jpg,79.0,253,4.72332,
Trans-X,/plugins/transx,/1lib/images/products/plugins/icons/transx-multi.png,/1lib/images/products/plugins/full/transx-multi.jpg,99.0,132,4.67424,
TrueVerb,/plugins/trueverb,/1lib/images/products/plugins/icons/trueverb.png,/1lib/images/products/plugins/full/trueverb.jpg,99.0,94,4.73404,
UM225-UM226,/plugins/um225-um226,/1lib/images/products/plugins/icons/um226.png,/1lib/images/products/plugins/full/um226.jpg,149.0,37,4.2973,
UltraPitch,/plugins/ultrapitch,/1lib/images/products/plugins/icons/ultrapitch.png,/1lib/images/products/plugins/full/ultrapitch.jpg,99.0,57,4.26316,
V-Comp,/plugins/v-comp,/1lib/images/products/plugins/icons/v-comp.png,/1lib/images/products/plugins/full/v-comp.jpg,149.0,90,4.74444,
V-EQ3,/plugins/v-eq3,/1lib/images/products/plugins/icons/v-eq3.png,/1lib/images/products/plugins/full/v-eq3.jpg,149.0,60,4.86667,
V-EQ4,/plugins/v-eq4,/1lib/images/products/plugins/icons/v-eq4.png,/1lib/images/products/plugins/full/v-eq4.jpg,149.0,91,4.78022,
VU Meter,/plugins/vu-meter,/1lib/images/products/plugins/icons/vu-meter.png,/1lib/images/products/plugins/full/vu-meter.jpg,49.0,141,4.74468,
Vitamin Sonic Enhancer,/plugins/vitamin,/1lib/images/products/plugins/icons/vitamin.png,/1lib/images/products/plugins/full/vitamin.jpg,249.0,420,4.76905,
Vocal Bender,/plugins/vocal-bender,/1lib/images/products/plugins/icons/vocal-bender.png,/1lib/images/products/plugins/full/vocal-bender.jpg,149.0,43,4.60465,
Vocal Rider,/plugins/vocal-rider,/1lib/images/products/plugins/icons/vocal-rider.png,/1lib/images/products/plugins/full/vocal-rider.jpg,249.0,689,4.75327,
W43 Noise Reduction Plugin,/plugins/w43-noise-reduction-plugin,/1lib/images/products/plugins/icons/w43-noise-reduction-plugin.png,/1lib/images/products/plugins/full/w43-noise-reduction-plugin.jpg,149.0,61,4.16393,
WLM Plus Loudness Meter,/plugins/wlm-loudness-meter,/1lib/images/products/plugins/icons/wlm-plus.png,/1lib/images/products/plugins/full/wlm-plus.jpg,399.0,302,4.7649,
WNS Noise Suppressor,/plugins/wns-noise-suppressor,/1lib/images/products/plugins/icons/wns-noise-suppressor.png,/1lib/images/products/plugins/full/wns-noise-suppressor.jpg,499.0,80,4.8125,
Waves Tune,/plugins/waves-tune,/1lib/images/products/plugins/icons/tune.png,/1lib/images/products/plugins/full/tune.jpg,249.0,506,4.5,
Waves Tune LT,/plugins/waves-tune-lt,/1lib/images/products/plugins/icons/tune-lt.png,/1lib/images/products/plugins/full/tune-lt.jpg,99.0,69,4.02899,
Waves Tune Real-Time,/plugins/waves-tune-real-time,/1lib/images/products/plugins/icons/tune-real-time-v2.png,/1lib/images/products/plugins/full/tune-real-time-v2.jpg,199.0,714,4.72689,
X-Click,/plugins/x-click,/1lib/images/products/plugins/icons/x-click.png,/1lib/images/products/plugins/full/x-click.jpg,299.0,20,3.9,
X-Crackle,/plugins/x-crackle,/1lib/images/products/plugins/icons/x-crackle.png,/1lib/images/products/plugins/full/x-crackle.jpg,299.0,15,4.26667,
X-FDBK,/plugins/x-fdbk,/1lib/images/products/plugins/icons/x-fdbk.png,/1lib/images/products/plugins/full/x-fdbk.jpg,149.0,32,4.6875,
X-Hum,/plugins/x-hum,/1lib/images/products/plugins/icons/x-hum.png,/1lib/images/products/plugins/full/x-hum.jpg,299.0,18,4,
X-Noise,/plugins/x-noise,/1lib/images/products/plugins/icons/x-noise.png,/1lib/images/products/plugins/full/x-noise.jpg,399.0,146,4.82877,
Z-Noise,/plugins/z-noise,/1lib/images/products/plugins/icons/z-noise.png,/1lib/images/products/plugins/full/z-noise.jpg,99.0,93,4.64516,
dbx 160 Compressor-Limiter,/plugins/dbx-160-compressor-limiter,/1lib/images/products/plugins/icons/dbx-160.png,/1lib/images/products/plugins/full/dbx-160.jpg,149.0,307,4.80782,
eMo D5 Dynamics,/plugins/emo-d5-dynamics,/1lib/images/products/plugins/icons/emo-d5-dynamics.png,/1lib/images/products/plugins/full/emo-d5-dynamics.jpg,299.0,57,4.75439,
eMo F2 Filter,/plugins/emo-f2-filter,/1lib/images/products/plugins/icons/emo-f2-filter.png,/1lib/images/products/plugins/full/emo-f2-filter.jpg,39.0,6,4,
eMo Generator,/plugins/emo-generator,/1lib/images/products/plugins/icons/emo-generator.png,/1lib/images/products/plugins/full/emo-generator.jpg,39.0,6,4.83333,
eMo Q4 Equalizer,/plugins/emo-q4-equalizer,/1lib/images/products/plugins/icons/emo-q4-equalizer.png,/1lib/images/products/plugins/full/emo-q4-equalizer.jpg,59.0,5,5,
