DocumentName,DocumentUrlPath,Icon,Full,SKUID,SKU_MSRP,ReviewsTotal,Rating,Type
API 2500,/plugins/api-2500,/1lib/images/products/plugins/icons/api-2500.png,/1lib/images/products/plugins/full/api-2500.jpg,69,299,376,4.88032,plugin
API 550,/plugins/api-550,/1lib/images/products/plugins/icons/api-550.png,/1lib/images/products/plugins/full/api-550.jpg,71,249,300,4.83,plugin
API 560,/plugins/api-560,/1lib/images/products/plugins/icons/api-560.png,/1lib/images/products/plugins/full/api-560.jpg,73,249,128,4.79688,plugin
Abbey Road Chambers,/plugins/abbey-road-chambers,/1lib/images/products/plugins/icons/abbey-road-chambers.png,/1lib/images/products/plugins/full/abbey-road-chambers.jpg,708,199,446,4.76233,plugin
Abbey Road RS124 Compressor,/plugins/abbey-road-rs124-compressor,/1lib/images/products/plugins/icons/abbey-road-rs124-compressor.png,/1lib/images/products/plugins/full/abbey-road-rs124-compressor.jpg,864,199,254,4.72441,plugin
Abbey Road Reverb Plates,/plugins/abbey-road-reverb-plates,/1lib/images/products/plugins/icons/abbey-road-reverb-plates.png,/1lib/images/products/plugins/full/abbey-road-reverb-plates.jpg,554,249,437,4.6865,plugin
Abbey Road Saturator,/plugins/abbey-road-saturator,/1lib/images/products/plugins/icons/abbey-road-saturator.png,/1lib/images/products/plugins/full/abbey-road-saturator.jpg,779,199,188,4.82979,plugin
Abbey Road Studio 3,/plugins/abbey-road-studio-3,/1lib/images/products/plugins/icons/abbey-road-studio-3.png,/1lib/images/products/plugins/full/abbey-road-studio-3.jpg,757,199,413,4.5908,plugin
Abbey Road TG Mastering Chain,/plugins/abbey-road-tg-mastering-chain,/1lib/images/products/plugins/icons/abbey-road-tg-mastering-chain.png,/1lib/images/products/plugins/full/abbey-road-tg-mastering-chain.jpg,727,199,667,4.89655,plugin
Abbey Road Vinyl,/plugins/abbey-road-vinyl,/1lib/images/products/plugins/icons/abbey-road-vinyl.png,/1lib/images/products/plugins/full/abbey-road-vinyl.jpg,603,249,322,4.69876,plugin
Aphex Vintage Aural Exciter,/plugins/aphex-vintage-aural-exciter,/1lib/images/products/plugins/icons/aphex-vintage-aural-exciter.png,/1lib/images/products/plugins/full/aphex-vintage-aural-exciter.jpg,67,299,476,4.79202,plugin
AudioTrack,/plugins/audiotrack,/1lib/images/products/plugins/icons/audiotrack.png,/1lib/images/products/plugins/full/audiotrack.jpg,75,79,31,4.54839,plugin
B360 Ambisonics Encoder,/plugins/b360-ambisonics-encoder,/1lib/images/products/plugins/icons/b360-ambisonics-encoder.png,/1lib/images/products/plugins/full/b360-ambisonics-encoder.jpg,648,299,2,5,plugin
BSS DPR-402,/plugins/bss-dpr-402,/1lib/images/products/plugins/icons/bss-dpr-402.png,/1lib/images/products/plugins/full/bss-dpr-402.jpg,561,149,115,4.85217,plugin
Bass Fingers,/plugins/bass-fingers,/1lib/images/products/plugins/icons/bass-fingers.png,/1lib/images/products/plugins/full/bass-fingers.jpg,755,79,153,4.48366,plugin
Bass Rider,/plugins/bass-rider,/1lib/images/products/plugins/icons/bass-rider.png,/1lib/images/products/plugins/full/bass-rider.jpg,317,99,299,4.78261,plugin
Bass Slapper,/plugins/bass-slapper,/1lib/images/products/plugins/icons/bass-slapper.png,/1lib/images/products/plugins/full/bass-slapper.jpg,653,79,143,4.72028,plugin
Berzerk Distortion,/plugins/berzerk-distortion,/1lib/images/products/plugins/icons/berzerk-distortion.png,/1lib/images/products/plugins/full/berzerk-distortion.jpg,776,99,32,4.5625,plugin
Brauer Motion,/plugins/brauer-motion,/1lib/images/products/plugins/icons/brauer-motion.png,/1lib/images/products/plugins/full/brauer-motion.jpg,634,99,237,4.79747,plugin
Butch Vig Vocals,/plugins/butch-vig-vocals,/1lib/images/products/plugins/icons/butch-vig-vocals.png,/1lib/images/products/plugins/full/butch-vig-vocals.jpg,525,149,212,4.62264,plugin
C1 Compressor,/plugins/c1-compressor,/1lib/images/products/plugins/icons/c1-compressor.png,/1lib/images/products/plugins/full/c1-compressor.jpg,77,99,81,4.76543,plugin
C360 Surround Compressor,/plugins/c360-surround-compressor,/1lib/images/products/plugins/icons/c360-surround-compressor.png,/1lib/images/products/plugins/full/c360-surround-compressor.jpg,371,0,0,0,plugin
C4 Multiband Compressor,/plugins/c4-multiband-compressor,/1lib/images/products/plugins/icons/c4-multiband-compressor.png,/1lib/images/products/plugins/full/c4-multiband-compressor.jpg,79,149,181,4.80111,plugin
C6 Multiband Compressor,/plugins/c6-multiband-compressor,/1lib/images/products/plugins/icons/c6-multiband-compressor.png,/1lib/images/products/plugins/full/c6-multiband-compressor.jpg,81,299,405,4.84938,plugin
CLA Bass,/plugins/cla-bass,/1lib/images/products/plugins/icons/cla-bass.png,/1lib/images/products/plugins/full/cla-bass.jpg,423,99,140,4.74286,plugin
CLA Drums,/plugins/cla-drums,/1lib/images/products/plugins/icons/cla-drums.png,/1lib/images/products/plugins/full/cla-drums.jpg,424,99,140,4.67857,plugin
CLA EchoSphere,/plugins/cla-echosphere,/1lib/images/products/plugins/icons/cla-echosphere.png,/1lib/images/products/plugins/full/cla-echosphere.jpg,855,99,0,0,plugin
CLA Effects,/plugins/cla-effects,/1lib/images/products/plugins/icons/cla-effects.png,/1lib/images/products/plugins/full/cla-effects.jpg,425,99,106,4.67925,plugin
CLA Epic,/plugins/cla-epic,/1lib/images/products/plugins/icons/cla-epic.png,/1lib/images/products/plugins/full/cla-epic.jpg,854,199,407,4.58477,plugin
CLA Guitars,/plugins/cla-guitars,/1lib/images/products/plugins/icons/cla-guitars.png,/1lib/images/products/plugins/full/cla-guitars.jpg,426,99,144,4.66667,plugin
CLA MixDown,/plugins/cla-mixdown,/1lib/images/products/plugins/icons/cla-mixdown.png,/1lib/images/products/plugins/full/cla-mixdown.jpg,641,99,310,4.62903,plugin
CLA MixHub,/plugins/cla-mixhub,/1lib/images/products/plugins/icons/cla-mixhub.png,/1lib/images/products/plugins/full/cla-mixhub.jpg,744,199,256,4.61719,plugin
CLA Unplugged,/plugins/cla-unplugged,/1lib/images/products/plugins/icons/cla-unplugged.png,/1lib/images/products/plugins/full/cla-unplugged.jpg,427,99,79,4.73418,plugin
CLA Vocals,/plugins/cla-vocals,/1lib/images/products/plugins/icons/cla-vocals.png,/1lib/images/products/plugins/full/cla-vocals.jpg,428,149,466,4.72103,plugin
CLA-2A Compressor-Limiter,/plugins/cla-2a-compressor-limiter,/1lib/images/products/plugins/icons/cla-2a-compressor-limiter.png,/1lib/images/products/plugins/full/cla-2a-compressor-limiter.jpg,91,249,501,4.8503,plugin
CLA-3A Compressor-Limiter,/plugins/cla-3a-compressor-limiter,/1lib/images/products/plugins/icons/cla-3a-compressor-limiter.png,/1lib/images/products/plugins/full/cla-3a-compressor-limiter.jpg,93,249,198,4.86869,plugin
CLA-76 Compressor-Limiter,/plugins/cla-76-compressor-limiter,/1lib/images/products/plugins/icons/cla-76-compressor-limiter.png,/1lib/images/products/plugins/full/cla-76-compressor-limiter.jpg,95,249,467,4.83726,plugin
Center,/plugins/center,/1lib/images/products/plugins/icons/center.png,/1lib/images/products/plugins/full/center.jpg,83,149,275,4.74182,plugin
Clavinet,/plugins/clavinet,/1lib/images/products/plugins/icons/clavinet.png,/1lib/images/products/plugins/full/clavinet.jpg,645,79,55,4.67273,plugin
Cobalt Saphira,/plugins/cobalt-saphira,/1lib/images/products/plugins/icons/cobalt-saphira.png,/1lib/images/products/plugins/full/cobalt-saphira.jpg,535,149,130,4.73077,plugin
Codex Wavetable Synth,/plugins/codex,/1lib/images/products/plugins/icons/codex.png,/1lib/images/products/plugins/full/codex.jpg,488,199,200,4.62,plugin
DTS Neural Mono2Stereo,/plugins/dts-neural-mono2stereo,/1lib/images/products/plugins/icons/dts-neural-mono2stereo.png,/1lib/images/products/plugins/full/dts-neural-mono2stereo.jpg,577,0,0,0,plugin
DTS Neural Surround DownMix,/plugins/dts-neural-surround-downmix,/1lib/images/products/plugins/icons/dts-neural-surround-downmix.png,/1lib/images/products/plugins/full/dts-neural-surround-downmix.jpg,575,0,0,0,plugin
DTS Neural Surround UpMix,/plugins/dts-neural-surround-upmix,/1lib/images/products/plugins/icons/dts-neural-surround-upmix-v2.png,/1lib/images/products/plugins/full/dts-neural-surround-upmix-v2.jpg,576,0,0,0,plugin
DeBreath,/plugins/debreath,/1lib/images/products/plugins/icons/debreath.png,/1lib/images/products/plugins/full/debreath.jpg,96,99,230,4.31304,plugin
DeEsser,/plugins/deesser,/1lib/images/products/plugins/icons/deesser.png,/1lib/images/products/plugins/full/deesser.jpg,98,99,220,4.75455,plugin
Doppler,/plugins/doppler,/1lib/images/products/plugins/icons/doppler.png,/1lib/images/products/plugins/full/doppler.jpg,100,79,43,4.4186,plugin
Dorrough Stereo,/plugins/dorrough-stereo,/1lib/images/products/plugins/icons/dorrough-stereo-380d.png,/1lib/images/products/plugins/full/dorrough-stereo-380d.jpg,102,199,96,4.92708,plugin
Dorrough Surround,/plugins/dorrough-surround,/1lib/images/products/plugins/icons/dorrough-surround-380d.png,/1lib/images/products/plugins/full/dorrough-surround-380d.jpg,308,249,11,5,plugin
Doubler,/plugins/doubler,/1lib/images/products/plugins/icons/doubler.png,/1lib/images/products/plugins/full/doubler.jpg,106,99,200,4.74,plugin
Dugan Automixer,/plugins/dugan-automixer,/1lib/images/products/plugins/icons/dugan-automixer.png,/1lib/images/products/plugins/full/dugan-automixer.jpg,617,599,1,5,plugin
Dugan Speech,/plugins/dugan-speech,/1lib/images/products/plugins/icons/dugan-speech.png,/1lib/images/products/plugins/full/dugan-speech.jpg,613,599,1,5,plugin
EMI TG12345 Channel Strip,/plugins/emi-tg12345,/1lib/images/products/plugins/icons/tg12345.png,/1lib/images/products/plugins/full/tg12345.jpg,503,249,326,4.87423,plugin
Eddie Kramer Bass Channel,/plugins/eddie-kramer-bass-channel,/1lib/images/products/plugins/icons/eddie-kramer-bass-channel.png,/1lib/images/products/plugins/full/eddie-kramer-bass-channel.jpg,435,99,27,4.40741,plugin
Eddie Kramer Drum Channel,/plugins/eddie-kramer-drum-channel,/1lib/images/products/plugins/icons/eddie-kramer-drum-channel.png,/1lib/images/products/plugins/full/eddie-kramer-drum-channel.jpg,436,99,17,4.17647,plugin
Eddie Kramer Effects Channel,/plugins/eddie-kramer-effects-channel,/1lib/images/products/plugins/icons/eddie-kramer-effects-channel.png,/1lib/images/products/plugins/full/eddie-kramer-effects-channel.jpg,449,99,10,4.7,plugin
Eddie Kramer Guitar Channel,/plugins/eddie-kramer-guitar-channel,/1lib/images/products/plugins/icons/eddie-kramer-guitar-channel.png,/1lib/images/products/plugins/full/eddie-kramer-guitar-channel.jpg,485,99,22,4.59091,plugin
Eddie Kramer Vocal Channel,/plugins/eddie-kramer-vocal-channel,/1lib/images/products/plugins/icons/eddie-kramer-vocal-channel.png,/1lib/images/products/plugins/full/eddie-kramer-vocal-channel.jpg,437,99,57,4.47368,plugin
Electric 200 Piano,/plugins/electric-200-piano,/1lib/images/products/plugins/icons/electric-200-piano.png,/1lib/images/products/plugins/full/electric-200-piano.jpg,602,79,128,4.71094,plugin
Electric 88 Piano,/plugins/electric-88-piano,/1lib/images/products/plugins/icons/electric-88-piano.png,/1lib/images/products/plugins/full/electric-88-piano.jpg,588,79,198,4.59596,plugin
Electric Grand 80 Piano,/plugins/electric-grand-80-piano,/1lib/images/products/plugins/icons/electric-grand-80-piano.png,/1lib/images/products/plugins/full/electric-grand-80-piano.jpg,606,79,58,4.60345,plugin
Element 2.0 Virtual Analog Synth,/plugins/element,/1lib/images/products/plugins/icons/element2.png,/1lib/images/products/plugins/full/element2.jpg,541,119,224,4.63393,plugin
Enigma,/plugins/enigma,/1lib/images/products/plugins/icons/enigma.png,/1lib/images/products/plugins/full/enigma.jpg,108,79,28,4.71429,plugin
F6 Floating-Band Dynamic EQ,/plugins/f6-floating-band-dynamic-eq,/1lib/images/products/plugins/icons/f6.png,/1lib/images/products/plugins/full/f6.jpg,630,99,565,4.75752,plugin
Flow Motion FM Synth,/plugins/flow-motion-fm-synth,/1lib/images/products/plugins/icons/flow-motion-fm-synth.png,/1lib/images/products/plugins/full/flow-motion-fm-synth.jpg,733,99,121,4.65289,plugin
GEQ Graphic Equalizer,/plugins/geq-graphic-equalizer,/1lib/images/products/plugins/icons/geq-graphic-equalizer.png,/1lib/images/products/plugins/full/geq-graphic-equalizer.jpg,413,149,142,4.79577,plugin
GTR3 Amps,/plugins/gtr3-amps,/1lib/images/products/plugins/icons/gtr3-amp-clean.png,/1lib/images/products/plugins/full/gtr3-amp-clean.jpg,387,0,0,0,plugin
GTR3 Stomps,/plugins/gtr3-stomps,/1lib/images/products/plugins/icons/gtr3-stomps-1.png,/1lib/images/products/plugins/full/gtr3-stomps-1.jpg,389,0,0,0,plugin
GTR3 ToolRack,/plugins/gtr3-toolrack,/1lib/images/products/plugins/icons/gtr3-tool-rack-1.png,/1lib/images/products/plugins/full/gtr3-tool-rack-1.jpg,391,0,0,0,plugin
GTR3 Tuner,/plugins/gtr3-tuner,/1lib/images/products/plugins/icons/gtr3-tuner.png,/1lib/images/products/plugins/full/gtr3-tuner.jpg,393,0,0,0,plugin
Grand Rhapsody Piano,/plugins/grand-rhapsody-piano,/1lib/images/products/plugins/icons/grand-rhapsody-piano.png,/1lib/images/products/plugins/full/grand-rhapsody-piano.jpg,625,79,380,4.56579,plugin
Greg Wells MixCentric,/plugins/greg-wells-mixcentric,/1lib/images/products/plugins/icons/greg-wells-mixcentric.png,/1lib/images/products/plugins/full/greg-wells-mixcentric.jpg,550,199,241,4.66805,plugin
Greg Wells PianoCentric,/plugins/greg-wells-pianocentric,/1lib/images/products/plugins/icons/greg-wells-pianocentric.png,/1lib/images/products/plugins/full/greg-wells-pianocentric.jpg,542,149,55,4.8,plugin
Greg Wells ToneCentric,/plugins/greg-wells-tonecentric,/1lib/images/products/plugins/icons/greg-wells-tonecentric.png,/1lib/images/products/plugins/full/greg-wells-tonecentric.jpg,601,129,55,4.14545,plugin
Greg Wells VoiceCentric,/plugins/greg-wells-voicecentric,/1lib/images/products/plugins/icons/greg-wells-voicecentric.png,/1lib/images/products/plugins/full/greg-wells-voicecentric.jpg,539,149,236,4.65254,plugin
H-Comp Hybrid Compressor,/plugins/h-comp-hybrid-compressor,/1lib/images/products/plugins/icons/h-comp-hybrid-compressor.png,/1lib/images/products/plugins/full/h-comp-hybrid-compressor.jpg,110,179,161,4.71429,plugin
H-Delay Hybrid Delay,/plugins/h-delay-hybrid-delay,/1lib/images/products/plugins/icons/h-delay-hybrid-delay.png,/1lib/images/products/plugins/full/h-delay-hybrid-delay.jpg,112,179,380,4.85789,plugin
H-EQ Hybrid Equalizer,/plugins/h-eq-hybrid-equalizer,/1lib/images/products/plugins/icons/h-eq-hybrid-equalizer.png,/1lib/images/products/plugins/full/h-eq-hybrid-equalizer.jpg,312,179,214,4.81776,plugin
H-Reverb Hybrid Reverb,/plugins/h-reverb-hybrid-reverb,/1lib/images/products/plugins/icons/h-reverb.png,/1lib/images/products/plugins/full/h-reverb.jpg,510,349,443,4.79684,plugin
IDR360 Bit Re-Quantizer,/plugins/idr360-bit-re-quantizer,/1lib/images/products/plugins/icons/idr360-bit-re-quantizer.png,/1lib/images/products/plugins/full/idr360-bit-re-quantizer.jpg,373,0,0,0,plugin
IR-L Convolution Reverb,/plugins/ir-l-convolution-reverb,/1lib/images/products/plugins/icons/ir-l-convolution-reverb.png,/1lib/images/products/plugins/full/ir-l-convolution-reverb.jpg,486,149,18,4.72222,plugin
IR-Live Convolution Reverb,/plugins/ir-live-convolution-reverb,/1lib/images/products/plugins/icons/ir-live.png,/1lib/images/products/plugins/full/ir-live.jpg,402,249,14,4.35714,plugin
IR1 Convolution Reverb,/plugins/ir1-convolution-reverb,/1lib/images/products/plugins/icons/ir1-convolution-reverb.png,/1lib/images/products/plugins/full/ir1-convolution-reverb.jpg,487,249,143,4.57343,plugin
IR360 Convolution Reverb,/plugins/ir360-convolution-reverb,/1lib/images/products/plugins/icons/ir360-convolution-reverb.png,/1lib/images/products/plugins/full/ir360-convolution-reverb.jpg,514,299,5,3.4,plugin
InPhase,/plugins/inphase,/1lib/images/products/plugins/icons/inphase.png,/1lib/images/products/plugins/full/inphase.jpg,357,179,182,4.67582,plugin
InPhase LT,/plugins/inphase-lt,/1lib/images/products/plugins/icons/inphase-lt.png,/1lib/images/products/plugins/full/inphase-lt.jpg,359,79,9,4.33333,plugin
Infected Mushroom Pusher,/plugins/infected-mushroom-pusher,/1lib/images/products/plugins/icons/infected-mushroom-pusher.png,/1lib/images/products/plugins/full/infected-mushroom-pusher.jpg,586,79,313,4.76997,plugin
J37 Tape,/plugins/j37-tape,/1lib/images/products/plugins/icons/j37-tape.png,/1lib/images/products/plugins/full/j37-tape.jpg,458,299,582,4.82818,plugin
JJP Bass,/plugins/jjp-bass,/1lib/images/products/plugins/icons/jjp-bass.png,/1lib/images/products/plugins/full/jjp-bass.jpg,429,99,48,4.72917,plugin
JJP Cymbals & Percussion,/plugins/jjp-cymbals-percussion,/1lib/images/products/plugins/icons/jjp-cymbals-percussions.png,/1lib/images/products/plugins/full/jjp-cymbals-percussions.jpg,430,99,12,4.58333,plugin
JJP Drums,/plugins/jjp-drums,/1lib/images/products/plugins/icons/jjp-drums.png,/1lib/images/products/plugins/full/jjp-drums.jpg,431,99,45,4.62222,plugin
JJP Guitars,/plugins/jjp-guitars,/1lib/images/products/plugins/icons/jjp-guitars.png,/1lib/images/products/plugins/full/jjp-guitars.jpg,432,99,17,4.23529,plugin
JJP Strings & Keys,/plugins/jjp-strings-keys,/1lib/images/products/plugins/icons/jjp-strings-keys.png,/1lib/images/products/plugins/full/jjp-strings-keys.jpg,433,99,42,4.78571,plugin
JJP Vocals,/plugins/jjp-vocals,/1lib/images/products/plugins/icons/jjp-vocals.png,/1lib/images/products/plugins/full/jjp-vocals.jpg,434,99,99,4.55556,plugin
Kaleidoscopes,/plugins/kaleidoscopes,/1lib/images/products/plugins/icons/kaleidoscopes.png,/1lib/images/products/plugins/full/kaleidoscopes.jpg,849,99,96,4.67708,plugin
Kramer HLS Channel,/plugins/kramer-hls-channel,/1lib/images/products/plugins/icons/kramer-hls-channel.png,/1lib/images/products/plugins/full/kramer-hls-channel.jpg,114,249,167,4.8024,plugin
Kramer Master Tape,/plugins/kramer-master-tape,/1lib/images/products/plugins/icons/kramer-master-tape.png,/1lib/images/products/plugins/full/kramer-master-tape.jpg,161,249,359,4.82451,plugin
Kramer PIE Compressor,/plugins/kramer-pie-compressor,/1lib/images/products/plugins/icons/kramer-pie-compressor.png,/1lib/images/products/plugins/full/kramer-pie-compressor.jpg,172,249,169,4.76331,plugin
L1 Ultramaximizer,/plugins/l1-ultramaximizer,/1lib/images/products/plugins/icons/l1-ultramaximizer.png,/1lib/images/products/plugins/full/l1-ultramaximizer.jpg,130,149,221,4.86425,plugin
L2 Ultramaximizer,/plugins/l2-ultramaximizer,/1lib/images/products/plugins/icons/l2-ultramaximizer.png,/1lib/images/products/plugins/full/l2-ultramaximizer.jpg,132,299,330,4.9,plugin
L3 Multimaximizer,/plugins/l3-multimaximizer,/1lib/images/products/plugins/icons/l3-multimaximizer.png,/1lib/images/products/plugins/full/l3-multimaximizer.jpg,134,349,188,4.82979,plugin
L3 Ultramaximizer,/plugins/l3-ultramaximizer,/1lib/images/products/plugins/icons/l3-ultramaximizer.png,/1lib/images/products/plugins/full/l3-ultramaximizer.jpg,335,0,0,0,plugin
L3-16 Multimaximizer,/plugins/l3-16-multimaximizer,/1lib/images/products/plugins/icons/l3-16-multimaximizer.png,/1lib/images/products/plugins/full/l3-16-multimaximizer.jpg,515,549,156,4.85897,plugin
L3-LL Multimaximizer,/plugins/l3-ll-multimaximizer,/1lib/images/products/plugins/icons/l3-ll-multimaximizer.png,/1lib/images/products/plugins/full/l3-ll-multimaximizer.jpg,337,0,0,0,plugin
L3-LL Ultramaximizer,/plugins/l3-ll-ultramaximizer,/1lib/images/products/plugins/icons/l3-ll-ultramaximizer.png,/1lib/images/products/plugins/full/l3-ll-ultramaximizer.jpg,339,0,0,0,plugin
L360 Surround Limiter,/plugins/l360-surround-limiter,/1lib/images/products/plugins/icons/l360-surround-limiter.png,/1lib/images/products/plugins/full/l360-surround-limiter.jpg,375,0,0,0,plugin
LFE360 Low-Pass Filter,/plugins/lfe360-low-pass-filter,/1lib/images/products/plugins/icons/lfe360-low-pass-filter.png,/1lib/images/products/plugins/full/lfe360-low-pass-filter.jpg,377,0,0,0,plugin
Linear Phase EQ,/plugins/linear-phase-eq,/1lib/images/products/plugins/icons/linear-phase-eq.png,/1lib/images/products/plugins/full/linear-phase-eq.jpg,138,149,76,4.92105,plugin
Linear Phase Multiband Compressor,/plugins/linear-phase-multiband-compressor,/1lib/images/products/plugins/icons/linear-phase-multiband-compressor.png,/1lib/images/products/plugins/full/linear-phase-multiband-compressor.jpg,140,149,162,4.89506,plugin
LoAir,/plugins/loair,/1lib/images/products/plugins/icons/loair-surround.png,/1lib/images/products/plugins/full/loair-surround.jpg,142,79,167,4.81437,plugin
M360 Surround Manager & Mixdown,/plugins/m360-surround-manager-mixdown,/1lib/images/products/plugins/icons/m360-surround-manager.png,/1lib/images/products/plugins/full/m360-surround-manager.jpg,379,0,0,0,plugin
MDMX Distortion Modules,/plugins/mdmx-distortion-modules,/1lib/images/products/plugins/icons/mdmx-distortion-modules.png,/1lib/images/products/plugins/full/mdmx-distortion-modules.jpg,778,99,31,4.70968,plugin
MV2,/plugins/mv2,/1lib/images/products/plugins/icons/mv2.png,/1lib/images/products/plugins/full/mv2.jpg,333,99,172,4.87209,plugin
MV360,/plugins/mv360,/1lib/images/products/plugins/icons/mv360.png,/1lib/images/products/plugins/full/mv360.jpg,381,0,0,0,plugin
Manny Marroquin Delay,/plugins/manny-marroquin-delay,/1lib/images/products/plugins/icons/marroquin-delay.png,/1lib/images/products/plugins/full/marroquin-delay.jpg,489,99,83,4.73494,plugin
Manny Marroquin Distortion,/plugins/manny-marroquin-distortion,/1lib/images/products/plugins/icons/marroquin-distortion.png,/1lib/images/products/plugins/full/marroquin-distortion.jpg,490,99,45,4.75556,plugin
Manny Marroquin EQ,/plugins/manny-marroquin-eq,/1lib/images/products/plugins/icons/marroquin-eq.png,/1lib/images/products/plugins/full/marroquin-eq.jpg,491,99,56,4.78571,plugin
Manny Marroquin Reverb,/plugins/manny-marroquin-reverb,/1lib/images/products/plugins/icons/marroquin-reverb.png,/1lib/images/products/plugins/full/marroquin-reverb.jpg,492,99,105,4.73333,plugin
Manny Marroquin Tone Shaper,/plugins/manny-marroquin-tone-shaper,/1lib/images/products/plugins/icons/marroquin-tone-shaper.png,/1lib/images/products/plugins/full/marroquin-tone-shaper.jpg,493,99,28,4.64286,plugin
Manny Marroquin Triple D,/plugins/manny-marroquin-triple-d,/1lib/images/products/plugins/icons/marroquin-triple-d.png,/1lib/images/products/plugins/full/marroquin-triple-d.jpg,494,99,111,4.69369,plugin
Maserati ACG,/plugins/maserati-acg,/1lib/images/products/plugins/icons/maserati-acg.png,/1lib/images/products/plugins/full/maserati-acg.jpg,438,99,29,4.55172,plugin
Maserati B72,/plugins/maserati-b72,/1lib/images/products/plugins/icons/maserati-b72.png,/1lib/images/products/plugins/full/maserati-b72.jpg,439,99,22,4.95455,plugin
Maserati DRM,/plugins/maserati-drm,/1lib/images/products/plugins/icons/maserati-drm.png,/1lib/images/products/plugins/full/maserati-drm.jpg,440,99,76,4.67105,plugin
Maserati GRP,/plugins/maserati-grp,/1lib/images/products/plugins/icons/maserati-grp.png,/1lib/images/products/plugins/full/maserati-grp.jpg,441,99,60,4.68333,plugin
Maserati GTi,/plugins/maserati-gti,/1lib/images/products/plugins/icons/maserati-gti.png,/1lib/images/products/plugins/full/maserati-gti.jpg,442,99,21,4.28571,plugin
Maserati HMX,/plugins/maserati-hmx,/1lib/images/products/plugins/icons/maserati-hmx.png,/1lib/images/products/plugins/full/maserati-hmx.jpg,443,99,17,4.64706,plugin
Maserati VX1,/plugins/maserati-vx1,/1lib/images/products/plugins/icons/maserati-vx1.png,/1lib/images/products/plugins/full/maserati-vx1.jpg,444,99,130,4.63077,plugin
MaxxBass,/plugins/maxxbass,/1lib/images/products/plugins/icons/maxxbass.png,/1lib/images/products/plugins/full/maxxbass.jpg,151,99,170,4.79412,plugin
MaxxVolume,/plugins/maxxvolume,/1lib/images/products/plugins/icons/maxxvolume.png,/1lib/images/products/plugins/full/maxxvolume.jpg,153,179,141,4.7305,plugin
MetaFilter,/plugins/metafilter,/1lib/images/products/plugins/icons/metafilter.png,/1lib/images/products/plugins/full/metafilter.jpg,479,149,100,4.66,plugin
MetaFlanger,/plugins/metaflanger,/1lib/images/products/plugins/icons/metaflanger.png,/1lib/images/products/plugins/full/metaflanger.jpg,155,99,38,4.86842,plugin
MondoMod,/plugins/mondomod,/1lib/images/products/plugins/icons/mondomod.png,/1lib/images/products/plugins/full/mondomod.jpg,157,79,33,4.75758,plugin
Morphoder,/plugins/morphoder,/1lib/images/products/plugins/icons/morphoder.png,/1lib/images/products/plugins/full/morphoder.jpg,159,79,120,4.59167,plugin
MultiMod Rack,/plugins/multimod-rack,/1lib/images/products/plugins/icons/multimod-rack.png,/1lib/images/products/plugins/full/multimod-rack.jpg,803,99,12,4.66667,plugin
NLS Non-Linear Summer,/plugins/nls-non-linear-summer,/1lib/images/products/plugins/icons/nls-non-linear-summer.png,/1lib/images/products/plugins/full/nls-non-linear-summer.jpg,361,299,386,4.8342,plugin
NS1 Noise Suppressor,/plugins/ns1-noise-suppressor,/1lib/images/products/plugins/icons/ns1-noise-suppressor.png,/1lib/images/products/plugins/full/ns1-noise-suppressor.jpg,397,149,445,4.74831,plugin
Nx  Virtual Mix Room over Headphones,/plugins/nx,/1lib/images/products/plugins/icons/nx.png,/1lib/images/products/plugins/full/nx.jpg,552,109,319,4.53919,plugin
Nx Ocean Way Nashville,/plugins/nx-ocean-way-nashville,/1lib/images/products/plugins/icons/nx-ocean-way-nashville.png,/1lib/images/products/plugins/full/nx-ocean-way-nashville.jpg,868,199,352,4.56818,plugin
OVox Vocal ReSynthesis,/plugins/ovox-vocal-resynthesis,/1lib/images/products/plugins/icons/ovox-vocal-resynthesis.png,/1lib/images/products/plugins/full/ovox-vocal-resynthesis.jpg,794,149,474,4.56118,plugin
OneKnob Brighter,/plugins/oneknob-brighter,/1lib/images/products/plugins/icons/oneknob-brighter.png,/1lib/images/products/plugins/full/oneknob-brighter.jpg,318,49,43,4.72093,plugin
OneKnob Driver,/plugins/oneknob-driver,/1lib/images/products/plugins/icons/oneknob-driver.png,/1lib/images/products/plugins/full/oneknob-driver.jpg,319,49,30,4.53333,plugin
OneKnob Filter,/plugins/oneknob-filter,/1lib/images/products/plugins/icons/oneknob-filter.png,/1lib/images/products/plugins/full/oneknob-filter.jpg,320,49,92,4.6087,plugin
OneKnob Louder,/plugins/oneknob-louder,/1lib/images/products/plugins/icons/oneknob-louder.png,/1lib/images/products/plugins/full/oneknob-louder.jpg,321,49,66,4.68182,plugin
OneKnob Phatter,/plugins/oneknob-phatter,/1lib/images/products/plugins/icons/oneknob-phatter.png,/1lib/images/products/plugins/full/oneknob-phatter.jpg,322,49,48,4.66667,plugin
OneKnob Pressure,/plugins/oneknob-pressure,/1lib/images/products/plugins/icons/oneknob-pressure.png,/1lib/images/products/plugins/full/oneknob-pressure.jpg,323,49,12,4.33333,plugin
OneKnob Pumper,/plugins/oneknob-pumper,/1lib/images/products/plugins/icons/oneknob-pumper.png,/1lib/images/products/plugins/full/oneknob-pumper.jpg,505,49,75,4.8,plugin
OneKnob Wetter,/plugins/oneknob-wetter,/1lib/images/products/plugins/icons/oneknob-wetter.png,/1lib/images/products/plugins/full/oneknob-wetter.jpg,394,49,38,4.47368,plugin
PAZ Analyzer,/plugins/paz-analyzer,/1lib/images/products/plugins/icons/paz-analyzer.png,/1lib/images/products/plugins/full/paz-analyzer.jpg,170,129,111,4.63063,plugin
PRS SuperModels,/plugins/prs-supermodels,/1lib/images/products/plugins/icons/prs-supermodels.png,/1lib/images/products/plugins/full/prs-supermodels.jpg,669,129,334,4.68862,plugin
PS22 Stereo Maker,/plugins/ps22-stereo-maker,/1lib/images/products/plugins/icons/ps22-stereo-maker.png,/1lib/images/products/plugins/full/ps22-stereo-maker.jpg,173,99,47,4.85106,plugin
Playlist Rider,/plugins/playlist-rider,/1lib/images/products/plugins/icons/playlist-rider.png,/1lib/images/products/plugins/full/playlist-rider.jpg,811,149,13,4.30769,plugin
Primary Source Expander,/plugins/pse-primary-source-expander,/1lib/images/products/plugins/icons/primary-source-expander.png,/1lib/images/products/plugins/full/primary-source-expander.jpg,604,79,31,4.80645,plugin
PuigChild Compressor,/plugins/puigchild-compressor,/1lib/images/products/plugins/icons/puigchild.png,/1lib/images/products/plugins/full/puigchild.jpg,175,349,345,4.86377,plugin
PuigTec EQs,/plugins/puigtec-eqs,/1lib/images/products/plugins/icons/puigtec-eqs.png,/1lib/images/products/plugins/full/puigtec-eqs.jpg,177,299,378,4.86508,plugin
Q-Clone,/plugins/q-clone,/1lib/images/products/plugins/icons/q-clone.png,/1lib/images/products/plugins/full/q-clone.jpg,450,99,57,4.75439,plugin
Q10 Equalizer,/plugins/q10-equalizer,/1lib/images/products/plugins/icons/q10-equalizer.png,/1lib/images/products/plugins/full/q10-equalizer.jpg,180,99,116,4.80172,plugin
R360 Surround Reverb,/plugins/r360-surround-reverb,/1lib/images/products/plugins/icons/r360-surround-reverb.png,/1lib/images/products/plugins/full/r360-surround-reverb.jpg,383,0,0,0,plugin
REDD,/plugins/redd,/1lib/images/products/plugins/icons/redd.png,/1lib/images/products/plugins/full/redd.jpg,399,249,264,4.77652,plugin
RS56 Passive EQ,/plugins/rs56,/1lib/images/products/plugins/icons/rs56.png,/1lib/images/products/plugins/full/rs56.jpg,417,249,161,4.88199,plugin
Reel ADT,/plugins/reel-adt,/1lib/images/products/plugins/icons/reel-adt.png,/1lib/images/products/plugins/full/reel-adt.jpg,480,249,450,4.83778,plugin
Renaissance Axx,/plugins/renaissance-axx,/1lib/images/products/plugins/icons/renaissance-axx-light.png,/1lib/images/products/plugins/full/renaissance-axx-light.jpg,182,79,36,4.94444,plugin
Renaissance Bass,/plugins/renaissance-bass,/1lib/images/products/plugins/icons/renaissance-bass-light.png,/1lib/images/products/plugins/full/renaissance-bass-light.jpg,184,79,280,4.79643,plugin
Renaissance Channel,/plugins/renaissance-channel,/1lib/images/products/plugins/icons/renaissance-channel-light.png,/1lib/images/products/plugins/full/renaissance-channel-light.jpg,186,149,56,4.64286,plugin
Renaissance Compressor,/plugins/renaissance-compressor,/1lib/images/products/plugins/icons/renaissance-compressor-light.png,/1lib/images/products/plugins/full/renaissance-compressor-light.jpg,188,79,121,4.7686,plugin
Renaissance DeEsser,/plugins/renaissance-deesser,/1lib/images/products/plugins/icons/renaissance-deesser-light.png,/1lib/images/products/plugins/full/renaissance-deesser-light.jpg,190,79,95,4.87368,plugin
Renaissance Equalizer,/plugins/renaissance-equalizer,/1lib/images/products/plugins/icons/renaissance-equalizer-light.png,/1lib/images/products/plugins/full/renaissance-equalizer-light.jpg,192,79,66,4.80303,plugin
Renaissance Reverb,/plugins/renaissance-reverb,/1lib/images/products/plugins/icons/renaissance-reverb-light.png,/1lib/images/products/plugins/full/renaissance-reverb-light.jpg,194,99,125,4.744,plugin
Renaissance Vox,/plugins/renaissance-vox,/1lib/images/products/plugins/icons/renaissance-vox-light.png,/1lib/images/products/plugins/full/renaissance-vox-light.jpg,196,79,278,4.8741,plugin
S1 Stereo Imager,/plugins/s1-stereo-imager,/1lib/images/products/plugins/icons/s1-stereo-imager.png,/1lib/images/products/plugins/full/s1-stereo-imager.jpg,198,129,176,4.84659,plugin
S360 Surround Imager & Panner,/plugins/s360-surround-imager-panner,/1lib/images/products/plugins/icons/s360-surround-imager.png,/1lib/images/products/plugins/full/s360-surround-imager.jpg,385,0,0,0,plugin
SSL E-Channel,/plugins/ssl-e-channel,/1lib/images/products/plugins/icons/ssl-e-channel-v2.png,/1lib/images/products/plugins/full/ssl-e-channel-v2.jpg,325,249,594,4.87205,plugin
SSL G-Channel,/plugins/ssl-g-channel,/1lib/images/products/plugins/icons/ssl-g-channel-v2.png,/1lib/images/products/plugins/full/ssl-g-channel-v2.jpg,331,249,238,4.83613,plugin
SSL G-Equalizer,/plugins/ssl-g-equalizer,/1lib/images/products/plugins/icons/ssl-g-equalizer-v2.png,/1lib/images/products/plugins/full/ssl-g-equalizer-v2.jpg,327,199,131,4.85496,plugin
SSL G-Master Buss Compressor,/plugins/ssl-g-master-buss-compressor,/1lib/images/products/plugins/icons/ssl-g-master-buss-compressor-v2.png,/1lib/images/products/plugins/full/ssl-g-master-buss-compressor-v2.jpg,329,249,548,4.86861,plugin
Scheps 73,/plugins/scheps-73,/1lib/images/products/plugins/icons/scheps-73.png,/1lib/images/products/plugins/full/scheps-73.jpg,463,199,521,4.82534,plugin
Scheps Omni Channel,/plugins/scheps-omni-channel,/1lib/images/products/plugins/icons/scheps-omni-channel.png,/1lib/images/products/plugins/full/scheps-omni-channel.jpg,660,149,1109,4.88909,plugin
Scheps Parallel Particles,/plugins/scheps-parallel-particles,/1lib/images/products/plugins/icons/scheps-parallel-particles.png,/1lib/images/products/plugins/full/scheps-parallel-particles.jpg,589,129,250,4.712,plugin
Sibilance,/plugins/sibilance,/1lib/images/products/plugins/icons/sibilance.png,/1lib/images/products/plugins/full/sibilance.jpg,732,79,118,4.70339,plugin
Smack Attack,/plugins/smack-attack-transient-shaper,/1lib/images/products/plugins/icons/smack-attack.png,/1lib/images/products/plugins/full/smack-attack.jpg,624,79,264,4.81439,plugin
SoundShifter,/plugins/soundshifter,/1lib/images/products/plugins/icons/soundshifter-graphic.png,/1lib/images/products/plugins/full/soundshifter-graphic.jpg,199,149,236,4.3983,plugin
StudioRack,/plugins/studiorack,/1lib/images/products/plugins/icons/studiorack1.png,/1lib/images/products/plugins/full/studiorack1.jpg,522,0,17,4.47059,plugin
Sub Align,/plugins/sub-align,/1lib/images/products/plugins/icons/sub-align.png,/1lib/images/products/plugins/full/sub-align.jpg,540,129,6,5,plugin
Submarine,/plugins/submarine,/1lib/images/products/plugins/icons/submarine.png,/1lib/images/products/plugins/full/submarine.jpg,753,89,128,4.65625,plugin
SuperTap,/plugins/supertap,/1lib/images/products/plugins/icons/supertap.png,/1lib/images/products/plugins/full/supertap.jpg,201,79,27,4.77778,plugin
TRACT System Calibration,/plugins/tract-system-calibration,/1lib/images/products/plugins/icons/tract-system-calibration.png,/1lib/images/products/plugins/full/tract-system-calibration.jpg,686,399,8,4.375,plugin
The King's Microphones,/plugins/the-king-s-microphones,/1lib/images/products/plugins/icons/king-mic-george-v.png,/1lib/images/products/plugins/full/king-mic-george-v.jpg,453,99,82,4.53659,plugin
Torque,/plugins/torque,/1lib/images/products/plugins/icons/torque.png,/1lib/images/products/plugins/full/torque.jpg,646,79,253,4.72332,plugin
Trans-X,/plugins/transx,/1lib/images/products/plugins/icons/transx-multi.png,/1lib/images/products/plugins/full/transx-multi.jpg,203,99,132,4.67424,plugin
TrueVerb,/plugins/trueverb,/1lib/images/products/plugins/icons/trueverb.png,/1lib/images/products/plugins/full/trueverb.jpg,205,99,94,4.73404,plugin
UM225-UM226,/plugins/um225-um226,/1lib/images/products/plugins/icons/um226.png,/1lib/images/products/plugins/full/um226.jpg,209,149,37,4.2973,plugin
UltraPitch,/plugins/ultrapitch,/1lib/images/products/plugins/icons/ultrapitch.png,/1lib/images/products/plugins/full/ultrapitch.jpg,207,99,57,4.26316,plugin
V-Comp,/plugins/v-comp,/1lib/images/products/plugins/icons/v-comp.png,/1lib/images/products/plugins/full/v-comp.jpg,211,149,90,4.74444,plugin
V-EQ3,/plugins/v-eq3,/1lib/images/products/plugins/icons/v-eq3.png,/1lib/images/products/plugins/full/v-eq3.jpg,213,149,60,4.86667,plugin
V-EQ4,/plugins/v-eq4,/1lib/images/products/plugins/icons/v-eq4.png,/1lib/images/products/plugins/full/v-eq4.jpg,215,149,91,4.78022,plugin
VU Meter,/plugins/vu-meter,/1lib/images/products/plugins/icons/vu-meter.png,/1lib/images/products/plugins/full/vu-meter.jpg,652,49,141,4.74468,plugin
Vitamin Sonic Enhancer,/plugins/vitamin,/1lib/images/products/plugins/icons/vitamin.png,/1lib/images/products/plugins/full/vitamin.jpg,482,249,420,4.76905,plugin
Vocal Bender,/plugins/vocal-bender,/1lib/images/products/plugins/icons/vocal-bender.png,/1lib/images/products/plugins/full/vocal-bender.jpg,870,149,43,4.60465,plugin
Vocal Rider,/plugins/vocal-rider,/1lib/images/products/plugins/icons/vocal-rider.png,/1lib/images/products/plugins/full/vocal-rider.jpg,217,249,689,4.75327,plugin
W43 Noise Reduction Plugin,/plugins/w43-noise-reduction-plugin,/1lib/images/products/plugins/icons/w43-noise-reduction-plugin.png,/1lib/images/products/plugins/full/w43-noise-reduction-plugin.jpg,219,149,61,4.16393,plugin
WLM Plus Loudness Meter,/plugins/wlm-loudness-meter,/1lib/images/products/plugins/icons/wlm-plus.png,/1lib/images/products/plugins/full/wlm-plus.jpg,355,399,302,4.7649,plugin
WNS Noise Suppressor,/plugins/wns-noise-suppressor,/1lib/images/products/plugins/icons/wns-noise-suppressor.png,/1lib/images/products/plugins/full/wns-noise-suppressor.jpg,224,499,80,4.8125,plugin
Waves Tune,/plugins/waves-tune,/1lib/images/products/plugins/icons/tune.png,/1lib/images/products/plugins/full/tune.jpg,647,249,506,4.5,plugin
Waves Tune LT,/plugins/waves-tune-lt,/1lib/images/products/plugins/icons/tune-lt.png,/1lib/images/products/plugins/full/tune-lt.jpg,221,99,69,4.02899,plugin
Waves Tune Real-Time,/plugins/waves-tune-real-time,/1lib/images/products/plugins/icons/tune-real-time-v2.png,/1lib/images/products/plugins/full/tune-real-time-v2.jpg,596,199,714,4.72689,plugin
X-Click,/plugins/x-click,/1lib/images/products/plugins/icons/x-click.png,/1lib/images/products/plugins/full/x-click.jpg,226,299,20,3.9,plugin
X-Crackle,/plugins/x-crackle,/1lib/images/products/plugins/icons/x-crackle.png,/1lib/images/products/plugins/full/x-crackle.jpg,228,299,15,4.26667,plugin
X-FDBK,/plugins/x-fdbk,/1lib/images/products/plugins/icons/x-fdbk.png,/1lib/images/products/plugins/full/x-fdbk.jpg,565,149,32,4.6875,plugin
X-Hum,/plugins/x-hum,/1lib/images/products/plugins/icons/x-hum.png,/1lib/images/products/plugins/full/x-hum.jpg,230,299,18,4,plugin
X-Noise,/plugins/x-noise,/1lib/images/products/plugins/icons/x-noise.png,/1lib/images/products/plugins/full/x-noise.jpg,232,399,146,4.82877,plugin
Z-Noise,/plugins/z-noise,/1lib/images/products/plugins/icons/z-noise.png,/1lib/images/products/plugins/full/z-noise.jpg,233,99,93,4.64516,plugin
dbx 160 Compressor-Limiter,/plugins/dbx-160-compressor-limiter,/1lib/images/products/plugins/icons/dbx-160.png,/1lib/images/products/plugins/full/dbx-160.jpg,508,149,307,4.80782,plugin
eMo D5 Dynamics,/plugins/emo-d5-dynamics,/1lib/images/products/plugins/icons/emo-d5-dynamics.png,/1lib/images/products/plugins/full/emo-d5-dynamics.jpg,536,299,57,4.75439,plugin
eMo F2 Filter,/plugins/emo-f2-filter,/1lib/images/products/plugins/icons/emo-f2-filter.png,/1lib/images/products/plugins/full/emo-f2-filter.jpg,544,39,6,4,plugin
eMo Generator,/plugins/emo-generator,/1lib/images/products/plugins/icons/emo-generator.png,/1lib/images/products/plugins/full/emo-generator.jpg,545,39,6,4.83333,plugin
eMo Q4 Equalizer,/plugins/emo-q4-equalizer,/1lib/images/products/plugins/icons/emo-q4-equalizer.png,/1lib/images/products/plugins/full/emo-q4-equalizer.jpg,543,59,5,5,plugin
