GSFCategory,SKUID
,522
Bass,151
Bass,184
Bass,317
Channel Strip Plugins,660
Channel Strip Plugins,744
Compressors,69
Compressors,75
Compressors,77
Compressors,79
Compressors,81
Compressors,91
Compressors,93
Compressors,95
Compressors,110
Compressors,140
Compressors,172
Compressors,182
Compressors,186
Compressors,188
Compressors,203
Compressors,536
Compressors,561
Compressors,624
Compressors,864
Delay,106
Delay,112
Delay,201
Effects,100
Effects,108
Effects,155
Effects,157
Effects,159
Effects,357
Effects,359
Effects,389
Effects,391
Effects,393
Effects,479
Effects,480
Effects,634
Effects,849
Effects,854
Effects,855
Equalizers,71
Equalizers,73
Equalizers,138
Equalizers,180
Equalizers,192
Equalizers,312
Equalizers,399
Equalizers,413
Equalizers,417
Equalizers,463
Equalizers,630
Harmonics,67
Harmonics,482
Harmonics,493
Harmonics,535
Harmonics,601
Live,540
Live,543
Live,544
Live,545
Live,565
Live,604
Live,613
Live,686
Live,811
Mastering & Limiters,130
Mastering & Limiters,132
Mastering & Limiters,134
Mastering & Limiters,153
Mastering & Limiters,333
Mastering & Limiters,335
Mastering & Limiters,337
Mastering & Limiters,339
Mastering & Limiters,515
Meters Plugins,102
Meters Plugins,170
Meters Plugins,308
Meters Plugins,355
Meters Plugins,652
Mixers,617
Modeling,114
Modeling,161
Modeling,175
Modeling,177
Modeling,211
Modeling,213
Modeling,215
Modeling,325
Modeling,327
Modeling,329
Modeling,331
Modeling,361
Modeling,450
Modeling,458
Modeling,503
Modeling,508
Modeling,603
Modeling,727
OneKnob,318
OneKnob,320
OneKnob,321
OneKnob,322
OneKnob,323
OneKnob,394
OneKnob,505
Pitch & Time,199
Pitch & Time,207
Pitch & Time,221
Pitch & Time,646
Pitch & Time,647
Post Production,219
Post Production,224
Post Production,226
Post Production,228
Post Production,230
Post Production,232
Post Production,233
Post Production,397
Post Production,753
Reverb,194
Reverb,205
Reverb,402
Reverb,486
Reverb,487
Reverb,510
Reverb,514
Reverb,554
Reverb,708
Saturation & Distortion Plugins,319
Saturation & Distortion Plugins,387
Saturation & Distortion Plugins,443
Saturation & Distortion Plugins,490
Saturation & Distortion Plugins,669
Saturation & Distortion Plugins,776
Saturation & Distortion Plugins,778
Saturation & Distortion Plugins,779
Saturation & Distortion Plugins,803
Signature Series,423
Signature Series,424
Signature Series,425
Signature Series,426
Signature Series,427
Signature Series,428
Signature Series,429
Signature Series,430
Signature Series,431
Signature Series,432
Signature Series,433
Signature Series,434
Signature Series,435
Signature Series,436
Signature Series,437
Signature Series,438
Signature Series,439
Signature Series,440
Signature Series,441
Signature Series,442
Signature Series,444
Signature Series,449
Signature Series,485
Signature Series,489
Signature Series,491
Signature Series,492
Signature Series,494
Signature Series,525
Signature Series,539
Signature Series,542
Signature Series,550
Signature Series,589
Signature Series,641
Stereo Imaging,83
Stereo Imaging,173
Stereo Imaging,198
Stereo Imaging,552
Stereo Imaging,757
Stereo Imaging,868
Surround,142
Surround,209
Surround,371
Surround,373
Surround,375
Surround,377
Surround,379
Surround,381
Surround,383
Surround,385
Surround,575
Surround,576
Surround,577
Surround,648
Synths & EMP,488
Synths & EMP,541
Synths & EMP,586
Virtual Instruments,588
Virtual Instruments,602
Virtual Instruments,606
Virtual Instruments,625
Virtual Instruments,645
Virtual Instruments,653
Virtual Instruments,733
Virtual Instruments,755
Virtual Instruments,794
Vocals,96
Vocals,98
Vocals,190
Vocals,196
Vocals,217
Vocals,453
Vocals,596
Vocals,732
Vocals,870
