id,name,page_url,icon_img_url,preview_img_url,full_img_url,msrp,review_number,rating,product
235,360° Surround Tools,/bundles/360-surround-tools,/1lib/images/products/bundles/icons/360-surround-tools.png,,,1199,6,4.67,
237,API Collection,/bundles/api-collection,/1lib/images/products/bundles/icons/api-collection.png,,,599,162,4.83,
239,Broadcast &amp; Production,/bundles/broadcast-production,/1lib/images/products/bundles/icons/broadcast-and-production.png,,,1999,15,4.93,
242,CLA Classic Compressors,/bundles/cla-classic-compressors,/1lib/images/products/bundles/icons/cla-classic-compressors.png,,,599,398,4.88,
244,Diamond,/bundles/diamond,/1lib/images/products/bundles/icons/diamond.png,,,2999,152,4.79,
251,Gold,/bundles/gold,/1lib/images/products/bundles/icons/gold.png,,,799,791,4.82,
253,Grand Masters Collection,/bundles/grand-masters-collection,/1lib/images/products/bundles/icons/grand-masters-collection.png,,,1599,18,4.83,
254,GTR Solo,/bundles/gtr-solo,/1lib/images/products/bundles/icons/gtr-solo.png,,,49,82,4.35,
258,GTR3,/bundles/gtr3,/1lib/images/products/bundles/icons/gtr3.png,,,129,283,4.58,
260,Horizon,/bundles/horizon,/1lib/images/products/bundles/icons/horizon.png,,,3999,224,4.81,
264,JJP Analog Legends,/bundles/jjp-analog-legends,/1lib/images/products/bundles/icons/jjp-analog-legends.png,,,499,64,4.83,
271,Masters,/bundles/masters,/1lib/images/products/bundles/icons/masters.png,,,549,21,4.9,
273,Mercury,/bundles/mercury,/1lib/images/products/bundles/icons/mercury.png,,,7599,59,4.78,
278,OneKnob Series,/bundles/oneknob-series,/1lib/images/products/bundles/icons/oneknob-series.png,,,249,209,4.75,
280,Platinum,/bundles/platinum,/1lib/images/products/bundles/icons/platinum.png,,,1999,168,4.73,
282,Renaissance Maxx,/bundles/renaissance-maxx,/1lib/images/products/bundles/icons/renaissance-maxx.png,,,399,254,4.86,
284,Restoration,/bundles/restoration,/1lib/images/products/bundles/icons/restoration.png,,,749,67,4.79,
289,Sound Design Suite,/bundles/sound-design-suite,/1lib/images/products/bundles/icons/sound-design-suite.png,,,749,43,4.84,
291,SSL 4000 Collection,/bundles/ssl-4000-collection,/1lib/images/products/bundles/icons/ssl-4000-collection.png,,,749,508,4.89,
293,Studio Classics Collection,/bundles/studio-classics-collection,/1lib/images/products/bundles/icons/studio-classics-collection.png,,,1699,67,4.85,
296,Transform,/bundles/transform,/1lib/images/products/bundles/icons/transform.png,,,299,8,4.88,
298,V-Series,/bundles/v-series,/1lib/images/products/bundles/icons/v-series.png,,,299,66,4.82,
301,Live,/bundles/live,/1lib/images/products/bundles/icons/live-bundle.png,,,2699,0,0,
304,Essentials,/bundles/essentials,/1lib/images/products/bundles/icons/essentials.png,,,1699,0,0,
305,Pro Show,/bundles/pro-show,/1lib/images/products/bundles/icons/pro-show.png,,,8000,0,0,
306,SD7 Pro Show,/bundles/sd7-pro-show,/1lib/images/products/bundles/icons/sd7-pro-show.png,,,12150,2,5,
314,"Tape, Tubes &amp; Transistors",/bundles/tape-tubes-transistors,/1lib/images/products/bundles/icons/kramer-tape-tubes-transistors.png,,,499,64,4.75,
410,Certification Program,/bundles/certification,/1lib/images/products/bundles/icons/certification.png,,,0,0,0,
419,Genesis,/bundles/genesis,/1lib/images/products/bundles/icons/genesis.png,,,399,0,0,
445,Jack Joseph Puig Signature Series,/bundles/jack-joseph-puig-signature-series,/1lib/images/products/bundles/icons/jjp-signature-series.png,,,399,86,4.92,
446,Eddie Kramer Signature Series,/bundles/eddie-kramer-signature-series,/1lib/images/products/bundles/icons/kramer-signature-series.png,,,399,43,4.47,
447,Tony Maserati Signature Series,/bundles/tony-maserati-signature-series,/1lib/images/products/bundles/icons/maserati-signature-series.png,,,399,103,4.86,
448,Chris Lord-Alge Signature Series,/bundles/chris-lord-alge-signature-series,/1lib/images/products/bundles/icons/cla-signature-series.png,,,399,465,4.83,
451,Signature Series Bass and Drums,/bundles/signature-series-bass-and-drums,/1lib/images/products/bundles/icons/signature-bass-drums.png,,,399,64,4.8,
452,Signature Series Vocals,/bundles/signature-series-vocals,/1lib/images/products/bundles/icons/signature-vocal.png,,,399,99,4.8,
484,Abbey Road Collection,/bundles/abbey-road-collection,/1lib/images/products/bundles/icons/abbey-road-collection.png,,,1599,146,4.89,
495,Manny Marroquin Signature Series,/bundles/manny-marroquin-signature-series,/1lib/images/products/bundles/icons/marroquin-signature-series.png,,,399,91,4.8,
511,Dave Audé EMP Toolbox,/bundles/dave-aude-emp-toolbox,/1lib/images/products/bundles/icons/dave-aude-emp-toolbox.png,,,299,61,4.77,
512,Dave Clarke EMP Toolbox,/bundles/dave-clarke-emp-toolbox,/1lib/images/products/bundles/icons/dave-clarke-emp-toolbox.png,,,599,15,4.67,
513,Forensics Package,/bundles/forensics-package,/1lib/images/products/bundles/icons/forensics-package.png,,,499,3,4.67,
517,Morgan Page EMP Toolbox,/bundles/morgan-page-emp-toolbox,/1lib/images/products/bundles/icons/morgan-page-emp-toolbox.png,,,599,32,4.97,
518,Musicians 1,/bundles/musicians-1,/1lib/images/products/bundles/icons/musicians-1.png,,,119,42,4.9,
519,Musicians 2,/bundles/musicians-2,/1lib/images/products/bundles/icons/musicians-2.png,,,119,113,4.84,
520,Power Pack,/bundles/power-pack,/1lib/images/products/bundles/icons/power-pack.png,,,199,136,4.79,
521,Silver,/bundles/silver,/1lib/images/products/bundles/icons/silver.png,,,599,235,4.8,
523,Video Sound Suite,/bundles/video-sound-suite,/1lib/images/products/bundles/icons/video-sound-suite.png,,,399,3,5,
524,Vocal,/bundles/vocal,/1lib/images/products/bundles/icons/vocal.png,,,499,195,4.67,
551,Greg Wells Signature Series,/bundles/greg-wells-signature-series,/1lib/images/products/bundles/icons/greg-wells-signature-series.png,,,399,150,4.78,
567,H-Series,/bundles/h-series,/1lib/images/products/bundles/icons/h-series.png,,,599,110,4.86,
573,Broadcast and Surround Suite,/bundles/broadcast-surround-suite,/1lib/images/products/bundles/icons/broadcast-and-surround-suite.png,,,2499,0,0,
574,DTS Neural™ Surround Collection,/bundles/dts-neural-surround-collection,/1lib/images/products/bundles/icons/dts-neural-surround-collection.png,,,499,8,4.88,
615,Dugan Automixer + Dugan Speech,/bundles/dugan-automixer-dugan-speech,/1lib/images/products/bundles/icons/dugan-automixer-dugan-speech.png,,,599,20,4.65,
644,Pianos &amp; Keys,/bundles/pianos-and-keys,/1lib/images/products/bundles/icons/pianos-and-keys.png,,,299,29,4.66,
687,TRACT System Calibration + Smaart Di v2,/bundles/tract-system-calibration-smaart-di-v2,/1lib/images/products/bundles/icons/tract-system-calibration-smaart-di-v2.png,,,799,7,4.57,
734,Inspire Virtual Instruments Collection,/bundles/inspire-virtual-instruments-collection,/1lib/images/products/bundles/icons/inspire.png,,,699,11,5,
735,Dave Audé Producer Pack,/bundles/dave-aude-producer-pack,/1lib/images/products/bundles/icons/dave-aude-producer-pack.png,,,599,4,5,
812,Content Creator Audio Toolkit,/bundles/content-creator-audio-toolkit,/1lib/images/products/bundles/icons/content-creator-audio-toolkit.png,,,299,16,4.81,
