product,category
184,Bass
317,Bass
151,Bass
660,Channel Strip Plugins
744,Channel Strip Plugins
864,Compressors
91,Compressors
95,Compressors
81,Compressors
69,Compressors
188,Compressors
624,Compressors
79,Compressors
93,Compressors
77,Compressors
140,Compressors
110,Compressors
182,Compressors
203,Compressors
172,Compressors
561,Compressors
186,Compressors
75,Compressors
536,Compressors
112,Delay
106,Delay
201,Delay
854,Effects
480,Effects
634,Effects
849,Effects
357,Effects
159,Effects
155,Effects
157,Effects
479,Effects
100,Effects
108,Effects
359,Effects
389,Effects
391,Effects
393,Effects
855,Effects
630,Equalizers
71,Equalizers
463,Equalizers
312,Equalizers
417,Equalizers
399,Equalizers
192,Equalizers
180,Equalizers
73,Equalizers
413,Equalizers
138,Equalizers
67,Harmonics
482,Harmonics
535,Harmonics
601,Harmonics
493,Harmonics
604,Live
811,Live
565,Live
540,Live
543,Live
545,Live
544,Live
686,Live
613,Live
132,Mastering &amp; Limiters
134,Mastering &amp; Limiters
130,Mastering &amp; Limiters
333,Mastering &amp; Limiters
515,Mastering &amp; Limiters
153,Mastering &amp; Limiters
335,Mastering &amp; Limiters
337,Mastering &amp; Limiters
339,Mastering &amp; Limiters
355,Meters Plugins
652,Meters Plugins
170,Meters Plugins
102,Meters Plugins
308,Meters Plugins
617,Mixers
325,Modeling
329,Modeling
458,Modeling
727,Modeling
177,Modeling
161,Modeling
361,Modeling
175,Modeling
603,Modeling
331,Modeling
508,Modeling
503,Modeling
327,Modeling
114,Modeling
215,Modeling
211,Modeling
450,Modeling
213,Modeling
320,OneKnob
505,OneKnob
318,OneKnob
322,OneKnob
394,OneKnob
321,OneKnob
323,OneKnob
647,Pitch &amp; Time
199,Pitch &amp; Time
646,Pitch &amp; Time
207,Pitch &amp; Time
221,Pitch &amp; Time
397,Post Production
232,Post Production
224,Post Production
233,Post Production
226,Post Production
753,Post Production
219,Post Production
228,Post Production
230,Post Production
510,Reverb
554,Reverb
708,Reverb
194,Reverb
487,Reverb
205,Reverb
514,Reverb
402,Reverb
486,Reverb
779,Saturation &amp; Distortion Plugins
669,Saturation &amp; Distortion Plugins
776,Saturation &amp; Distortion Plugins
778,Saturation &amp; Distortion Plugins
490,Saturation &amp; Distortion Plugins
319,Saturation &amp; Distortion Plugins
443,Saturation &amp; Distortion Plugins
803,Saturation &amp; Distortion Plugins
387,Saturation &amp; Distortion Plugins
428,Signature Series
641,Signature Series
441,Signature Series
589,Signature Series
539,Signature Series
550,Signature Series
494,Signature Series
525,Signature Series
425,Signature Series
426,Signature Series
424,Signature Series
423,Signature Series
434,Signature Series
492,Signature Series
444,Signature Series
438,Signature Series
427,Signature Series
489,Signature Series
542,Signature Series
440,Signature Series
433,Signature Series
491,Signature Series
429,Signature Series
431,Signature Series
439,Signature Series
436,Signature Series
442,Signature Series
437,Signature Series
485,Signature Series
432,Signature Series
430,Signature Series
449,Signature Series
435,Signature Series
868,Stereo Imaging
757,Stereo Imaging
198,Stereo Imaging
552,Stereo Imaging
83,Stereo Imaging
173,Stereo Imaging
142,Surround
209,Surround
648,Surround
371,Surround
373,Surround
375,Surround
377,Surround
379,Surround
381,Surround
383,Surround
385,Surround
575,Surround
576,Surround
577,Surround
586,Synths &amp; EMP
488,Synths &amp; EMP
541,Synths &amp; EMP
794,Virtual Instruments
625,Virtual Instruments
755,Virtual Instruments
653,Virtual Instruments
588,Virtual Instruments
733,Virtual Instruments
602,Virtual Instruments
645,Virtual Instruments
606,Virtual Instruments
596,Vocals
217,Vocals
196,Vocals
98,Vocals
732,Vocals
96,Vocals
190,Vocals
453,Vocals
522,Virtual Instruments
